"cpd_id","cpd_name"
"1319","10082"
"807","10082-P__1"
"1931","10082-R"
"1737","10474"
"956","10474-R__3"
"1328","10476"
"2153","10476-P__1"
"791","10476-P__3"
"633","10476-R__3"
"709","10514"
"2095","10514-R"
"708","10514-R__3"
"499","10564"
"498","10564-R__3"
"2162","11400"
"2009","11400-P__1"
"2051","11830"
"409","11830-P__1"
"1610","11832"
"1575","11832-P__3"
"556","11832-R__3"
"890","124489846"
"55","124489846-"
"1122","124490112"
"1121","124490112-"
"477","124490160"
"476","124490160-"
"1989","13088"
"1186","13088-P__3"
"1119","13476"
"173","13476-P__1"
"2214","13476-R"
"824","13479"
"135","13479-P__3"
"134","13507"
"133","13507-P__1"
"1797","13507-R"
"1707","13507-R__3"
"624","13536"
"623","13536-P__3"
"587","13552"
"1530","13552-P__1"
"317","13552-P__3"
"2167","13552-R"
"586","13552-R__3"
"1451","13552-R__4"
"1561","13552-R__5"
"849","13552-R__7"
"1524","13552-R__B"
"336","135626165"
"335","135626165-"
"2065","135626616"
"1142","13646"
"2027","13646-P__1"
"1141","13646-R"
"1864","13646-R__3"
"1761","13669"
"1857","13669-P__1"
"1760","13669-R"
"899","13669-R__3"
"1012","13694"
"1011","13694-P__1"
"327","13694-R__3"
"2101","13860"
"415","13860-R__3"
"2320","13985"
"1413","13985-R__3"
"1339","14069"
"819","14069-P__3"
"995","14069-R__3"
"2494","163311981"
"2492","163311981-"
"2267","163312126"
"2084","172232359"
"1135","172232359-"
"1283","17395731"
"382","17395731-P"
"1609","17395731-R"
"1751","17395766"
"817","17395766-P"
"1700","17395767"
"89","17395767-P"
"1104","17395768"
"1077","17395768-P"
"1855","17395769"
"384","17395769-P"
"1667","17395816"
"1666","17395816-P"
"72","17395816-R"
"1665","17395817"
"1888","17395817-P"
"1664","17395817-R"
"1163","17395823"
"1162","17395823-R"
"1417","17395826"
"850","17395826-R"
"1228","17395847"
"196","17395847-R"
"852","17395849"
"716","17395849-R"
"470","17396485"
"508","17396485-P"
"469","17396485-R"
"1302","17396511"
"1383","17396511-P"
"574","17396511-R"
"1206","17396549"
"344","17396549-P"
"1825","17396549-R"
"1366","17396552"
"794","17396552-P"
"1365","17396552-R"
"733","17396637"
"97","17396637-P"
"732","17396637-R"
"1680","17396640"
"1457","17396640-P"
"1069","17396640-R"
"1798","254741292"
"1063","254741292-"
"1466","254741293"
"1465","254741293-"
"2514","254741471"
"2502","254741471-"
"2508","254741472"
"2501","254741472-"
"44","3303"
"68","3303-P__33"
"148","3303-P__34"
"1133","3303-P__35"
"1915","3303-P__36"
"724","3303-P__37"
"1391","3303-P__38"
"1600","3303-P__40"
"551","3303-P__41"
"1602","3303-P__42"
"965","3303-P__43"
"1870","3303-P__47"
"1409","3303-P__60"
"1757","3303-P__61"
"655","3303-P__65"
"2059","3303-P__72"
"1239","3303-P__76"
"2132","3303-P__77"
"818","3303-P__82"
"212","3303-P__BA"
"1125","3303-R"
"1","3303-R__33"
"18","3303-R__34"
"443","3303-R__35"
"453","3303-R__36"
"2110","3303-R__37"
"539","3303-R__38"
"482","3303-R__40"
"805","3303-R__41"
"296","3303-R__43"
"1495","3303-R__47"
"1201","3303-R__49"
"1190","3303-R__54"
"1748","3303-R__59"
"1933","3303-R__60"
"1408","3303-R__61"
"1204","3303-R__62"
"657","3303-R__65"
"1726","3303-R__68"
"823","3303-R__74"
"1460","3303-R__76"
"2091","3303-R__78"
"564","3303-R__82"
"239","3303-R__85"
"1584","3303-R__96"
"184","3303-R__BA"
"91","3304"
"340","3304-P__33"
"1008","3304-R"
"27","3304-R__33"
"15","3305"
"206","3305-P__33"
"2006","3305-R"
"14","3305-R__33"
"102","3306"
"569","3306-P__33"
"31","3307"
"30","3307-P__33"
"29","3307-R__33"
"108","3308"
"489","3308-P__33"
"1711","3308-R"
"90","3309"
"267","3309-P__33"
"2236","3309-R"
"201","3309-R__33"
"1306","3309-R__35"
"472","3309-R__36"
"1603","3309-R__40"
"1531","3309-R__47"
"1675","3309-R__61"
"661","3309-R__73"
"1424","3309-R__85"
"230","3309-R__BA"
"74","3310"
"42","3310-P__33"
"2165","3310-R"
"78","3311"
"77","3311-P__33"
"111","3311-P__34"
"2000","3311-R"
"1879","3311-R__33"
"561","3311-R__34"
"1039","3311-R__35"
"1037","3311-R__36"
"28","3312"
"34","3312-P__33"
"114","3312-P__34"
"40","3312-P__35"
"79","3312-P__36"
"1049","3312-P__37"
"311","3312-P__38"
"1696","3312-P__BA"
"500","3312-R"
"227","3312-R__33"
"155","3312-R__34"
"84","3312-R__36"
"460","3312-R__38"
"96","3313"
"95","3313-P__33"
"1546","3313-R"
"1848","3313-R__33"
"1100","3313-R__96"
"200","3315"
"199","3315-P__33"
"687","3315-P__34"
"1083","3315-P__35"
"1442","3315-P__37"
"1618","3315-R"
"1379","3315-R__33"
"1448","3315-R__34"
"326","3316"
"548","3316-P__33"
"1046","3316-P__34"
"2316","3316-R"
"407","3317"
"145","3317-P__33"
"771","3317-P__34"
"1586","3317-R"
"590","3317-R__33"
"88","3318"
"1402","3318-P__33"
"1363","3318-P__34"
"231","3318-P__45"
"999","3318-R"
"422","3318-R__33"
"59","3318-R__34"
"1496","3318-R__39"
"1244","3318-R__42"
"323","3318-R__45"
"1412","3320"
"1741","3320-P__33"
"1953","3320-R"
"11","3321"
"1103","3321-P__33"
"10","3321-R__33"
"386","3322"
"456","3322-P__33"
"1769","3322-P__34"
"1893","3322-R"
"410","3323"
"632","3323-P__33"
"1421","3323-R"
"393","3324"
"343","3324-P__33"
"2345","3324-P__34"
"533","3324-P__35"
"1479","3324-R"
"503","3324-R__33"
"51","3326"
"963","3326-P__33"
"1606","3326-P__34"
"2513","3326-P__35"
"2484","3326-P__82"
"2361","3326-R__33"
"2483","3326-R__36"
"2348","3326-R__47"
"265","3327"
"313","3327-P__33"
"2028","3327-P__34"
"2208","3327-R"
"906","3327-R__33"
"110","3328"
"109","3328-P__33"
"2363","3328-P__36"
"2362","3328-P__77"
"2270","3328-R"
"2371","3328-R__33"
"125","3329"
"124","3329-P__33"
"328","3329-R"
"197","3329-R__33"
"143","3331"
"959","3331-P__33"
"2386","3331-P__34"
"2152","3331-R"
"1165","3331-R__33"
"2395","3331-R__34"
"2428","3331-R__39"
"577","3333"
"1076","3333-P__33"
"2431","3333-P__34"
"2440","3333-P__35"
"2435","3333-P__36"
"2430","3333-P__39"
"2443","3333-P__42"
"2438","3333-P__43"
"1582","3333-R"
"1132","3333-R__33"
"1538","3334"
"1537","3334-P__33"
"2149","3334-R"
"404","3335"
"452","3335-P__33"
"2480","3335-P__35"
"2302","3335-R"
"2482","3335-R__82"
"782","3337"
"405","3337-P__33"
"2269","3337-R"
"486","3338"
"2368","3338-P__34"
"1722","3338-R__33"
"17","3339"
"16","3339-P__33"
"1353","3339-R"
"1314","3339-R__33"
"1777","3340"
"1776","3340-P__33"
"2143","3340-R"
"1717","3341"
"487","3341-R__33"
"161","3343"
"86","3343-P__33"
"916","3343-P__49"
"1856","3343-R"
"836","3343-R__33"
"710","3343-R__34"
"578","3344"
"186","3344-P__33"
"2325","3344-P__34"
"1436","3344-R"
"2365","3344-R__33"
"2327","3344-R__34"
"466","3345"
"474","3345-P__33"
"2449","3345-P__71"
"1395","3345-R__34"
"1714","3345-R__35"
"2463","3345-R__39"
"475","3346"
"925","3346-P__33"
"2281","3346-R"
"140","3349"
"139","3349-P__33"
"2122","3349-R"
"122","3349-R__36"
"1220","3349-R__52"
"1098","3350"
"1806","3350-P__33"
"2495","3350-P__34"
"434","3351"
"802","3351-P__33"
"1214","3351-R"
"316","3353"
"8","3353-P__33"
"1410","3353-P__49"
"2017","3353-R"
"787","3353-R__33"
"1613","3353-R__38"
"558","3353-R__40"
"2034","3353-R__41"
"766","3353-R__74"
"294","3353-R__82"
"315","3353-R__96"
"192","3353-R__BA"
"194","3354"
"220","3354-P__33"
"2474","3354-P__37"
"1889","3354-R"
"153","3355"
"1545","3355-P__33"
"152","3355-R__33"
"630","3356"
"2058","3356-P__33"
"2","3357"
"330","3357-P__33"
"1164","3357-R"
"1308","3357-R__33"
"1227","3357-R__34"
"402","3358"
"254","3358-P__33"
"2486","3358-P__83"
"2111","3358-R"
"117","3359"
"116","3359-P__33"
"1919","3359-R"
"596","3360"
"1129","3360-P__33"
"769","3360-R"
"1240","3361"
"1660","3361-R"
"280","3362"
"76","3362-P__33"
"1997","3362-P__34"
"1690","3362-R"
"531","3363"
"2180","3363-P__33"
"1181","3363-R"
"1155","3363-R__33"
"202","3363-R__34"
"347","3364"
"207","3364-P__33"
"2301","3364-R"
"195","3365"
"32","3365-P__33"
"2290","3365-R"
"881","3365-R__34"
"731","3367"
"730","3367-P__33"
"2256","3367-R"
"441","3368"
"549","3368-P__35"
"2359","3368-P__47"
"69","3372"
"1041","3372-P__33"
"1568","3372-P__39"
"2311","3372-R"
"1801","3372-R__36"
"1981","3372-R__BA"
"215","3373"
"418","3373-P__33"
"1261","3373-P__34"
"1373","3373-R"
"256","3374"
"383","3374-P__33"
"2347","3374-P__39"
"278","3375"
"390","3375-P__33"
"2001","3375-R"
"1841","3376"
"1518","3376-P__33"
"1840","3376-R"
"368","3377"
"21","3377-P__33"
"2277","3377-R"
"24","3378"
"23","3378-P__33"
"675","3378-R"
"218","3379"
"303","3379-P__33"
"2088","3379-R"
"20","3380"
"121","3380-P__33"
"395","3380-P__34"
"703","3380-P__35"
"868","3380-P__38"
"1194","3380-P__39"
"1824","3380-P__54"
"848","3380-P__80"
"283","3380-P__BA"
"1977","3380-R"
"462","3380-R__33"
"1174","3380-R__42"
"1541","3380-R__61"
"898","3380-R__71"
"1763","3380-R__75"
"929","3380-R__82"
"241","3380-R__BA"
"757","3381"
"1321","3381-P__33"
"1930","3381-R"
"46","3382"
"45","3382-P__33"
"2222","3382-R"
"35","3383"
"1739","3383-R"
"400","3384"
"840","3384-P__33"
"2184","3384-P__34"
"2355","3384-P__37"
"1241","3384-R"
"2434","3385"
"2433","3385-P__33"
"322","3386"
"1554","3386-P__33"
"2156","3386-R"
"438","3388"
"2237","3388-R"
"25","3388-R__BA"
"1324","3389"
"1323","3389-R"
"752","3391"
"2066","3391-P__44"
"2364","3391-R__47"
"1301","3392"
"1992","3392-P__33"
"1434","3392-P__34"
"1950","3392-R__44"
"1974","3392-R__77"
"485","3393"
"1293","3393-P__33"
"83","3394"
"82","3394-P__33"
"2243","3394-R"
"364","3395"
"363","3395-P__33"
"2410","3395-P__40"
"2190","3395-R"
"2407","3395-R__43"
"2412","3395-R__77"
"1115","3396"
"2405","3396-P__39"
"2413","3396-R__44"
"165","3397"
"170","3397-P__33"
"986","3397-P__39"
"2286","3397-R"
"397","3397-R__BA"
"387","3399"
"829","3399-P__33"
"1773","3399-R"
"2511","3399-R__35"
"60","3400"
"1404","3400-P__34"
"2499","3400-P__39"
"2510","3400-P__82"
"2490","3400-R__39"
"2507","3400-R__41"
"2503","3400-R__82"
"504","3401"
"1140","3401-P__34"
"36","3401-P__35"
"722","3401-R"
"580","3403"
"2441","3403-P__36"
"1881","3403-R"
"2360","3403-R__39"
"2439","3403-R__44"
"684","3404"
"843","3404-P__34"
"2168","3404-R"
"496","3405"
"511","3405-P__34"
"2250","3405-R"
"801","3406"
"800","3406-P__34"
"2252","3406-R"
"962","3408"
"2018","3408-P__34"
"961","3408-R"
"1051","3409"
"2505","3409-P__82"
"811","3411"
"1337","3411-P__34"
"767","3411-P__35"
"810","3411-P__38"
"2298","3411-R"
"1034","3411-R__34"
"203","3412"
"2221","3412-R"
"648","3414"
"275","3414-P__34"
"1349","3414-R"
"1111","3416"
"1110","3416-P__34"
"2288","3416-R"
"2378","3417"
"2373","3417-P__34"
"2383","3417-P__38"
"2379","3417-R__34"
"1338","3418"
"1112","3418-P__35"
"2411","3418-P__38"
"2380","3418-P__39"
"2384","3418-P__77"
"522","3418-R__35"
"425","3419"
"2200","3419-R"
"179","3420"
"178","3420-P__34"
"1791","3420-R"
"621","3421"
"2135","3421-P__34"
"620","3421-R"
"683","3422"
"917","3422-P__34"
"1885","3422-P__72"
"2331","3422-R"
"93","3423"
"208","3423-P__34"
"1883","3423-R"
"376","3424"
"1170","3424-P__34"
"1088","3424-R"
"318","3425"
"1693","3426"
"884","3427"
"883","3427-R"
"529","3428"
"1502","3428-P__34"
"2457","3428-P__35"
"688","3429"
"1574","3429-P__34"
"737","3429-R__35"
"594","3430"
"2220","3430-R"
"381","3431"
"180","3431-P__34"
"573","3431-R"
"379","3431-R__35"
"669","3432"
"1838","3432-P__34"
"2175","3432-R"
"711","3433"
"1918","3433-P__34"
"1962","3433-R"
"1193","3434"
"1549","3434-P__34"
"1233","3434-R"
"432","3435"
"431","3435-P__34"
"2260","3435-R"
"115","3436"
"1961","3436-P__34"
"804","3437"
"252","3437-P__34"
"2037","3437-R"
"2423","3437-R__34"
"81","3440"
"696","3440-P__34"
"2450","3440-P__37"
"2458","3440-P__48"
"1979","3440-R"
"2469","3440-R__36"
"2248","3440-R__39"
"1572","3441"
"1571","3441-P__34"
"2108","3441-R"
"775","3443"
"1047","3443-R__36"
"360","3444"
"301","3444-P__34"
"2318","3444-R"
"841","3447"
"943","3447-P__34"
"1909","3447-R"
"211","3448"
"309","3448-P__34"
"2291","3448-R"
"189","3449"
"188","3449-P__34"
"2112","3449-R"
"33","3452"
"48","3452-P__34"
"2019","3452-R"
"167","3453"
"1648","3453-P__34"
"166","3453-R"
"359","3454"
"976","3454-P__34"
"705","3454-P__BA"
"1113","3454-R"
"1002","3454-R__BA"
"1225","3455"
"1384","3456"
"144","3458"
"62","3458-P__34"
"2497","3458-P__37"
"1292","3458-R"
"1515","3458-R__36"
"2370","3458-R__37"
"430","3459"
"429","3459-P__34"
"2218","3459-R"
"2406","3459-R__35"
"1243","3460"
"1335","3460-P__34"
"2489","3460-P__42"
"2512","3463"
"2509","3463-P__82"
"255","3464"
"862","3464-P__34"
"1500","3464-R"
"427","3465"
"1195","3465-P__34"
"518","3465-P__36"
"426","3465-P__BA"
"740","3465-R"
"2008","3466"
"437","3467"
"781","3467-P__34"
"2422","3467-R__34"
"2399","3467-R__59"
"1786","3468"
"1785","3468-P__34"
"2487","3468-R__35"
"2496","3468-R__43"
"793","3469"
"571","3470"
"1994","3470-P__34"
"812","3470-P__43"
"1906","3470-R"
"1494","3477"
"2075","3477-P__34"
"1493","3477-R"
"1334","3478"
"1333","3478-P__34"
"2128","3478-R"
"1463","3479"
"271","3480"
"2129","3480-P__34"
"270","3480-R"
"2188","3481"
"2187","3481-P__34"
"2388","3481-P__36"
"2313","3481-R"
"2389","3481-R__53"
"22","3483"
"216","3483-P__34"
"2085","3483-R"
"1247","3484"
"1942","3484-R"
"2437","3485"
"288","3486"
"287","3486-P__34"
"2283","3486-R"
"547","3487"
"699","3487-P__34"
"2247","3487-R"
"1099","3487-R__BA"
"49","3488"
"229","3488-P__34"
"1144","3488-R"
"501","3489"
"512","3490"
"471","3491"
"1658","3491-P__34"
"2394","3491-P__40"
"2392","3491-P__59"
"1025","3491-R"
"1566","3494"
"1588","3494-P__34"
"1565","3494-R"
"614","3497"
"613","3497-P__34"
"1816","3497-P__39"
"2342","3497-P__43"
"2334","3497-R__35"
"2377","3498"
"2376","3498-R__35"
"856","3499"
"1650","3499-P__34"
"2372","3499-P__36"
"1074","3499-P__64"
"855","3499-R__35"
"653","3503"
"1703","3503-P__35"
"396","3506"
"38","3506-P__35"
"436","3507"
"888","3507-P__35"
"435","3507-R"
"981","3508"
"2257","3508-P__35"
"2426","3508-P__36"
"2442","3508-P__50"
"1914","3508-R"
"63","3509"
"464","3509-P__35"
"1394","3509-R"
"612","3512"
"842","3512-P__35"
"2233","3512-R"
"130","3513"
"129","3513-P__35"
"235","3513-R"
"222","3514"
"221","3514-P__35"
"2229","3514-R"
"2047","3518"
"2344","3521"
"2356","3521-P__35"
"2343","3521-R__43"
"1715","3522"
"1871","3523"
"2169","3524"
"2326","3527"
"455","3528"
"1272","3530"
"2387","3530-P__36"
"1573","3531"
"606","3532"
"2012","3532-P__35"
"2253","3532-R"
"1102","3533"
"1101","3533-P__35"
"1510","3533-R"
"1581","3534"
"978","3535"
"2335","3535-R__43"
"2004","3536"
"2189","3536-P__35"
"2043","3536-R"
"104","3537"
"103","3537-P__35"
"2157","3537-R"
"380","3538"
"997","3538-R__35"
"341","3538-R__37"
"641","3541"
"1415","3541-P__35"
"640","3541-R"
"902","3542"
"1778","3542-P__35"
"1922","3542-R"
"761","3544"
"1105","3544-P__35"
"1842","3544-R"
"1955","3546"
"1026","3547"
"674","3548"
"946","3548-P__35"
"2285","3548-R"
"877","3549"
"876","3549-P__35"
"2261","3549-R"
"2245","3551"
"2249","3551-R"
"1093","3552"
"1662","3552-P__35"
"1993","3552-R"
"132","3554"
"1569","3554-P__35"
"1784","3554-R"
"872","3555"
"2330","3555-P__35"
"2485","3555-P__62"
"2119","3555-R"
"1972","3556"
"2375","3556-R__36"
"1358","3557"
"2382","3557-R__39"
"2403","3558"
"2396","3558-P__38"
"157","3560"
"723","3560-P__35"
"156","3560-R"
"234","3561"
"233","3561-P__35"
"1070","3561-R"
"2032","3563"
"912","3564"
"2339","3565"
"2338","3565-P__39"
"2414","3565-P__40"
"2354","3565-R__39"
"1217","3566"
"1216","3566-P__BA"
"538","3568"
"1956","3568-P__35"
"2470","3568-P__39"
"2477","3568-P__84"
"2472","3568-R__39"
"570","3570"
"618","3572"
"617","3572-P__39"
"2404","3572-R__39"
"1397","3572-R__77"
"523","3574"
"2025","3577"
"745","3581"
"774","3581-P__35"
"1687","3581-R"
"13","3583"
"12","3583-P__35"
"1743","3583-R"
"339","3588"
"584","3588-P__35"
"2106","3588-R"
"863","3589"
"2071","3589-P__35"
"2013","3589-R"
"106","3593"
"105","3593-P__35"
"1232","3593-R"
"1262","3595"
"2244","3595-P__35"
"2176","3595-R"
"1199","3601"
"1198","3601-P__36"
"1944","3603"
"666","3604"
"2393","3604-P__36"
"465","3605"
"1834","3605-P__36"
"2367","3605-P__37"
"2369","3605-R__77"
"1369","3606"
"2401","3606-P__36"
"572","3608"
"936","3608-P__36"
"2131","3608-R"
"414","3609"
"413","3609-P__36"
"1579","3609-R"
"263","3612"
"262","3612-P__36"
"2254","3612-R"
"1476","3614"
"2147","3614-P__36"
"2109","3614-R"
"1342","3616"
"302","3619"
"2408","3619-P__44"
"2417","3619-P__58"
"2456","3619-R__44"
"171","3621"
"677","3621-P__36"
"984","3621-R"
"1447","3622"
"1332","3623"
"1674","3623-P__36"
"2029","3623-R"
"2454","3623-R__36"
"205","3624"
"1130","3624-P__36"
"204","3624-R"
"1032","3626"
"553","3628"
"552","3628-P__36"
"1749","3628-R"
"1925","3630"
"1551","3634"
"149","3635"
"926","3635-P__36"
"1017","3636"
"1519","3638"
"2374","3638-P__44"
"1031","3639"
"1673","3639-P__38"
"1642","3639-P__BA"
"1907","3639-R"
"1990","3639-R__38"
"907","3642"
"286","3643"
"783","3643-P__36"
"2067","3643-R"
"554","3645"
"2467","3645-P__36"
"2475","3645-P__77"
"2455","3645-R__36"
"2448","3645-R__77"
"2306","3646"
"1701","3647"
"759","3650"
"758","3650-R__69"
"2452","3650-R__71"
"954","3651"
"43","3652"
"164","3652-P__36"
"399","3653"
"398","3653-P__36"
"2274","3653-R"
"355","3654"
"971","3654-P__36"
"2255","3654-R"
"175","3655"
"174","3655-P__36"
"1481","3655-R"
"704","3656"
"1109","3656-P__36"
"468","3657"
"467","3657-P__36"
"1327","3657-R"
"2436","3659"
"2444","3659-P__39"
"949","3666"
"1802","3666-R__51"
"1755","3666-R__BA"
"765","3669"
"2102","3669-P__36"
"2041","3669-R"
"2040","3670"
"2039","3670-P__36"
"2113","3670-R"
"932","3675"
"931","3675-P__36"
"183","3677"
"826","3677-P__36"
"2201","3677-R"
"306","3678"
"2070","3678-P__36"
"514","3678-R"
"2046","3688"
"442","3692"
"1393","3692-P__36"
"2308","3692-R"
"217","3697"
"837","3697-P__36"
"2178","3697-R"
"2262","3698"
"1521","3699"
"113","3702"
"1236","3702-P__37"
"1932","3702-R__BA"
"1085","3705"
"1987","3705-P__37"
"1653","3705-R"
"2329","3707"
"875","3708"
"2125","3708-P__37"
"585","3714"
"846","3718"
"1313","3719"
"1999","3719-P__37"
"937","3726"
"887","3727"
"886","3727-P__37"
"1735","3727-R"
"2144","3728"
"493","3729"
"492","3729-P__37"
"626","3729-R"
"748","3733"
"1359","3734"
"2461","3734-P__42"
"715","3736"
"1772","3736-P__37"
"714","3737"
"721","3738"
"720","3738-P__37"
"1432","3741"
"2123","3741-P__37"
"342","3742"
"388","3742-P__37"
"2050","3742-R"
"281","3743"
"420","3743-P__37"
"1846","3743-R"
"258","3744"
"1021","3744-P__37"
"1965","3745"
"2116","3745-R"
"2460","3745-R__48"
"1107","3751"
"2014","3751-P__37"
"1188","3752"
"1187","3752-P__37"
"2239","3752-R"
"451","3756"
"1890","3756-P__37"
"1624","3756-R"
"298","3756-R__BA"
"880","3757"
"2296","3757-P__37"
"879","3757-R"
"639","3758"
"1040","3758-P__37"
"1634","3758-R"
"595","3766"
"372","3769"
"645","3769-P__37"
"2241","3769-R"
"261","3773"
"955","3774"
"2215","3774-R"
"1847","3781"
"2282","3782"
"2272","3783"
"835","3787"
"834","3787-P__37"
"1637","3787-R"
"1234","3789"
"1753","3794"
"1775","3798"
"654","3800"
"743","3801"
"1185","3801-P__38"
"2223","3801-R"
"780","3804"
"2300","3804-P__38"
"1347","3804-R"
"290","3809"
"1511","3809-P__38"
"1998","3809-R"
"1362","3810"
"1898","3810-P__38"
"540","3813"
"1533","3814"
"1532","3814-P__38"
"2317","3814-R"
"473","3815"
"952","3815-P__38"
"2093","3815-R"
"1136","3816"
"1356","3816-P__38"
"1555","3816-R"
"679","3818"
"2234","3818-P__38"
"678","3818-P__64"
"1689","3825"
"505","3827"
"2294","3827-P__38"
"2481","3827-P__41"
"2479","3827-P__62"
"2297","3827-R"
"75","3828"
"536","3828-P__38"
"2031","3828-R"
"257","3829"
"994","3835"
"1946","3835-R"
"796","3839"
"795","3839-P__38"
"1924","3839-R"
"1173","3849"
"1172","3849-R"
"1065","3854"
"1064","3854-R"
"779","3855"
"1279","3856"
"312","3858"
"2183","3861"
"321","3867"
"320","3867-P__38"
"1796","3876"
"1450","3881"
"1983","3886"
"236","3892"
"2390","3892-P__40"
"1018","3894"
"1489","3894-R__64"
"1655","3897"
"1149","3900"
"1010","3901"
"1218","3903"
"1817","3904"
"2351","3904-P__43"
"1713","3905"
"1744","3909"
"911","3910"
"1472","3918"
"1901","3918-P__39"
"2079","3918-R"
"2451","3918-R__69"
"1678","3919"
"2061","3919-P__39"
"1097","3925"
"1291","3933"
"1727","3934"
"2409","3934-R__77"
"2333","3937"
"2340","3937-R__43"
"2332","3937-R__77"
"987","3938"
"1290","3939"
"1553","3940"
"1651","3940-P__39"
"1809","3940-R"
"1219","3941"
"597","3941-R__39"
"598","3942"
"2385","3942-P__49"
"1168","3952"
"1167","3952-P__44"
"2491","3952-R__44"
"996","3957"
"546","3963"
"1560","3963-P__39"
"1710","3963-R"
"513","3966"
"1534","3966-P__39"
"2130","3966-R"
"1929","3968"
"160","3971"
"159","3971-P__39"
"1752","3971-R"
"39","3972"
"61","3972-P__39"
"1523","3975"
"1522","3975-P__39"
"2186","3975-R"
"974","3978"
"939","3978-P__39"
"2033","3978-R"
"2429","3984"
"1222","3985"
"1895","3985-P__39"
"2278","3985-R"
"2427","3987"
"365","3990"
"2069","3990-R"
"481","4003"
"480","4003-R"
"1540","4012"
"2118","4012-P__40"
"2199","4012-R"
"605","4013"
"424","4038"
"423","4038-P__40"
"1964","4038-R"
"1783","4038-R__BA"
"1071","4041"
"2226","4041-P__40"
"1792","4041-R"
"1387","4043"
"2398","4047"
"2397","4047-P__43"
"867","4049"
"866","4049-P__40"
"1357","4049-R"
"450","4050"
"1468","4052"
"1862","4052-P__40"
"1821","4052-R"
"53","4053"
"52","4053-P__40"
"1884","4053-R"
"706","4056"
"1374","4056-P__40"
"1016","4056-P__BA"
"729","4058"
"728","4058-P__40"
"2425","4058-P__42"
"1601","4069"
"1570","4076"
"2421","4076-P__56"
"1036","4089"
"2137","4089-P__40"
"2161","4089-R"
"1799","4094"
"1839","4094-P__40"
"820","4099"
"2207","4110"
"1023","4114"
"1022","4114-P__41"
"187","4121"
"650","4121-P__41"
"2150","4121-R"
"305","4133"
"637","4137"
"940","4137-P__41"
"1528","4137-R"
"210","4138"
"1285","4138-P__41"
"1444","4138-R"
"1927","4140"
"1756","4150"
"2500","4150-R__79"
"517","4161"
"516","4161-P__41"
"158","4164"
"1948","4164-P__41"
"2121","4164-R"
"1305","4184"
"1508","4189"
"1429","4192"
"1189","4194"
"2077","4194-P__41"
"2315","4194-R"
"694","4202"
"1446","4202-P__42"
"2081","4202-R"
"1473","4205"
"58","4207"
"57","4207-P__42"
"977","4208"
"924","4210"
"1874","4210-P__42"
"1943","4210-P__72"
"2117","4210-R"
"2445","4214"
"2462","4231"
"1723","4234"
"1938","4239"
"2323","4239-R"
"2466","4242"
"2465","4242-R__42"
"2478","4245"
"1682","4251"
"839","4258"
"2506","4258-P__79"
"2419","4264"
"2418","4264-R__58"
"1643","4269"
"1595","4271"
"1594","4271-P__42"
"1497","4273"
"545","4274"
"1245","4276"
"1106","4279"
"2035","4279-R__43"
"1456","4282"
"1455","4282-P__42"
"1971","4284"
"1970","4284-P__42"
"1175","4293"
"1068","4295"
"1067","4295-R__48"
"1759","4300"
"2402","4307"
"1354","4317"
"1978","4317-P__43"
"1407","4319"
"1917","4319-R"
"1911","4320"
"1910","4320-R"
"6","4324"
"5","4324-P__43"
"1647","4324-R"
"2172","4329"
"1498","4336"
"1734","4337"
"1966","4339"
"1280","4342"
"2276","4350"
"1058","4351"
"1057","4351-P__43"
"1504","4351-R"
"985","4358"
"490","4363"
"1652","4363-P__43"
"1072","4365"
"2083","4365-R"
"1029","4367"
"813","4368"
"1719","4374"
"1108","4375"
"2498","4376"
"87","4385"
"1050","4385-P__43"
"1348","4385-R"
"2151","4387"
"1835","4388"
"1628","4392"
"1627","4392-P__43"
"1770","4396"
"2341","4399"
"2381","4399-R__44"
"2346","4399-R__77"
"226","4404"
"225","4404-P__44"
"1124","4406"
"2216","4406-P__44"
"1649","4406-R"
"1636","4407"
"831","4408"
"948","4411"
"1958","4411-P__44"
"1820","4414"
"1670","4422"
"1137","4428"
"2053","4428-P__44"
"1151","4429"
"1150","4429-P__44"
"2054","4429-R"
"253","4431"
"1742","4432"
"1470","4433"
"1886","4435"
"1221","4444"
"70","4449"
"693","4449-P__44"
"2447","4453"
"373","4457"
"1044","4462"
"2148","4463"
"1590","4470"
"2305","4479"
"770","4507"
"1073","4523"
"100","4541"
"279","4541-P__45"
"2284","4541-R"
"1295","4549"
"1375","4549-P__45"
"307","4550"
"1385","4550-P__45"
"756","4551"
"1899","4551-P__45"
"219","4556"
"1157","4556-P__45"
"2259","4566"
"1831","4567"
"1830","4567-R"
"821","4577"
"1271","4584"
"1612","4584-R"
"1843","4604"
"2170","4604-R"
"1320","4606"
"2280","4606-R"
"2055","4690"
"1467","4692"
"1731","4692-P__46"
"1471","4692-R"
"349","4709"
"1392","47204995"
"2022","47204995-P"
"2279","47205173"
"1557","47205175"
"1556","47205175-R"
"1646","47205188"
"1645","47205188-R"
"1615","47205233"
"2357","47205285"
"2336","47205285-P"
"2337","47205286"
"1985","47205445"
"1078","47205472"
"1768","47205508"
"1620","47205524"
"1829","47205525"
"1605","47205526"
"2292","47205546"
"2366","47205562"
"2349","47205563"
"1995","4741"
"1128","4750"
"1263","4750-P__47"
"2154","4750-R"
"2173","4755"
"1001","4818"
"2235","4818-P__48"
"1000","4818-R"
"483","4821"
"2268","4821-R"
"2114","4837"
"2420","4857"
"2415","4857-R__65"
"2287","4858"
"1780","4858-P__BA"
"928","4861"
"1939","4861-P__48"
"169","4888"
"168","4888-P__48"
"1705","4888-R"
"1038","4895"
"1669","4927"
"2072","4927-P__49"
"1668","4927-R"
"1246","4951"
"1350","4954"
"1940","4954-R"
"1230","4955"
"895","4992"
"1708","4992-P__54"
"894","4992-R"
"1808","5001"
"1807","5001-P__50"
"2432","5010"
"2446","5040"
"1740","5041"
"2120","5041-R"
"92","5048"
"844","5048-P__50"
"350","5056"
"660","5056-P__50"
"1814","5063"
"566","5093"
"1315","5093-P__50"
"1611","5093-R"
"983","5109"
"2036","5109-R"
"550","51090857"
"1822","51090859"
"1631","51091003"
"2209","5129"
"2232","5129-P__51"
"2275","5129-R"
"324","5139"
"1832","5139-P__51"
"2179","5140"
"260","5148"
"445","5148-P__51"
"2194","5148-R"
"1235","5178"
"2134","5178-P__51"
"2142","5178-R"
"224","5192"
"2225","5225"
"1845","5232"
"2322","5232-R"
"1139","5241"
"1685","5241-P__52"
"2211","5241-R"
"1361","5245"
"1815","5259"
"854","5261"
"809","5266"
"1179","5266-P__52"
"808","5266-P__BA"
"2171","5266-R"
"1912","5284"
"2164","5285"
"1577","5290"
"1766","5290-P__52"
"1576","5290-R"
"2391","5327"
"1544","5347"
"1396","5368"
"1644","5368-P__53"
"2230","5368-R"
"2464","5386"
"2459","5386-R__77"
"763","5402"
"762","5402-R"
"1823","5403"
"1904","5464"
"2057","5472"
"2197","5472-P__54"
"2219","5472-R"
"1191","5485"
"1988","5485-P__54"
"2319","5485-R"
"50","5492"
"1303","5492-P__54"
"2016","5492-R"
"1249","5496"
"2056","5496-P__54"
"1248","5496-R"
"1492","5522"
"1491","5522-R"
"652","5536"
"651","5536-P__55"
"1475","5536-R"
"440","5564"
"747","5567"
"1160","5567-P__55"
"346","5584"
"345","5584-R"
"751","5585"
"588","5585-R__BA"
"1921","5621"
"2424","5641"
"1608","5664"
"1892","5675"
"2115","5677"
"1416","5685"
"773","5704"
"2038","5778"
"593","5799"
"592","5799-P__57"
"1437","5799-R"
"2155","5836"
"1079","5840"
"1372","5841"
"1371","5841-R"
"2082","5855"
"416","5858"
"2140","5858-P__58"
"1833","586220"
"1229","586252"
"2224","586252-P__"
"2227","586252-R"
"857","586301"
"1952","5865"
"1578","5868"
"1640","5881"
"638","5884"
"1258","5894"
"367","5933"
"2099","5933-R"
"2400","5938"
"1724","5969"
"1486","5988"
"2052","6038"
"1056","6078"
"1154","6094"
"972","6094-P__BA"
"1212","6094-R"
"1153","6094-R__BA"
"1380","6099"
"1934","6102"
"1277","6103"
"1758","6109"
"1928","6112"
"1563","6127"
"1547","6128"
"2076","6144"
"1957","6171"
"1478","6187"
"479","6188"
"478","6188-P__61"
"1585","6198"
"2206","6198-R"
"185","6207"
"2003","6207-P__62"
"1747","6234"
"2064","6235"
"444","6239"
"2468","6239-R__64"
"377","6242"
"1340","6272"
"1844","6280"
"727","6294"
"726","6294-R"
"1060","6304"
"1782","6318"
"1984","6349"
"1793","6353"
"2181","6369"
"2263","6448"
"2097","6455"
"1836","6456"
"1030","6459"
"2471","6465"
"2141","6467"
"1176","6481"
"1771","6481-P__64"
"2182","6487"
"1075","6499"
"1254","6499-P__64"
"112","6517"
"2205","6517-P__65"
"120","6517-R"
"1900","6521"
"2021","6525"
"658","6542"
"1143","6542-P__65"
"1403","6543"
"1980","6567"
"2416","6570"
"1443","6578"
"1242","6582"
"1061","6582-P__BA"
"1813","6582-R__BA"
"736","6589"
"1318","6642"
"1947","6663"
"1202","6679"
"718","6705"
"2251","6705-R"
"1706","6716"
"1483","6744"
"1712","6771"
"1626","6773"
"2212","6773-P__67"
"668","6784"
"557","6819"
"1439","6864"
"1438","6864-R__71"
"2258","6896"
"1916","6909"
"673","6913"
"1591","6921"
"2090","6922"
"2473","6922-P__84"
"544","6943"
"1452","6955"
"603","6966"
"992","6975"
"2303","6975-P__69"
"991","6975-R"
"1937","7001"
"1858","7015"
"525","7017"
"325","7028"
"2185","7041"
"686","7044"
"1982","7056"
"1819","7102"
"2166","7102-R"
"1535","7102-R__BA"
"2453","7115"
"250","7123"
"249","7123-P__71"
"859","7160"
"2062","7160-P__71"
"1161","7160-R"
"198","7176"
"1811","7183"
"2228","7191"
"676","7258"
"1891","7258-P__72"
"2136","7258-R"
"901","7266"
"1552","7266-P__72"
"1986","7266-R"
"900","7266-R__72"
"1623","7267"
"2192","7267-P__72"
"2195","7267-R"
"37","7305"
"1352","7320"
"2198","7320-R"
"1539","7321"
"644","7367"
"2138","7384"
"528","7386"
"869","7400"
"659","7406"
"411","7406-P__BA"
"2100","7406-R"
"1599","7426"
"2023","7426-R"
"1015","7446"
"2304","7446-R"
"717","7465"
"1177","7529"
"461","7542"
"1454","7543"
"41","7544"
"1661","7544-P__75"
"71","7544-R"
"64","7544-R__BA"
"2350","7546"
"1257","7548"
"845","7550"
"1208","7560"
"1207","7560-P__75"
"1269","7583"
"1936","7630"
"568","7646"
"1082","7647"
"2103","7647-P__76"
"1730","7648"
"375","7649"
"374","7649-P__76"
"1484","7650"
"1445","7651"
"2145","7651-P__76"
"1805","7652"
"1659","7658"
"1499","7658-P__BA"
"232","7659"
"2060","7659-P__76"
"177","7662"
"1506","7662-P__BA"
"176","7662-R__BA"
"786","7671"
"439","7682"
"865","7683"
"1859","7684"
"1788","7685"
"2217","7686"
"1619","7711"
"1854","7713"
"541","7715"
"1059","7715-P__77"
"543","7723"
"2352","7723-P__77"
"2358","7723-R__77"
"2353","7752"
"1210","7753"
"1399","7755"
"2104","7756"
"1381","7759"
"1120","7764"
"2020","7764-R"
"2240","7768"
"2289","7768-R"
"833","7770"
"832","7770-R"
"788","7786"
"2273","7786-P__77"
"1625","7786-R"
"1490","7800"
"2139","7800-R__BA"
"1902","7812"
"244","7823"
"243","7823-R"
"1698","7823-R__BA"
"914","7825"
"1294","7825-P__78"
"1287","7825-R"
"1118","7846928"
"1117","7846928-P_"
"1935","7846928-R"
"1282","7846964"
"1281","7846964-P_"
"1721","7846964-R"
"1513","7859"
"2299","7859-P__78"
"1512","7859-R"
"945","7871"
"922","7902"
"2127","7902-P__79"
"1405","7902-R"
"789","7903"
"1866","7907"
"982","7911"
"1587","7912"
"2080","7914"
"2204","7929"
"2044","7929-P__BA"
"2203","7929-R"
"1200","7945"
"1949","7947"
"2005","7948"
"1033","7949"
"2314","7950"
"1867","7971"
"1045","7976"
"1633","7995"
"488","7998"
"1596","7998-P__79"
"860","8004"
"2310","8004-R"
"126","8005"
"1520","8006"
"1657","8015"
"1672","8018"
"1671","8018-R"
"2213","8063"
"463","8119"
"896","8119-P__81"
"1558","8119-R"
"1905","8131"
"2124","8132"
"1288","8134"
"1346","8144"
"1345","8144-P__81"
"1377","8144-R"
"1923","8145"
"1607","8210"
"930","8211"
"562","8223"
"2063","8224"
"1461","8231"
"815","8233"
"66","8237"
"2210","8237-P__82"
"1897","8237-R"
"1868","8237-R__82"
"935","8238"
"1941","8238-P__82"
"2295","8238-R"
"172","8239"
"2271","8239-P__82"
"1826","8239-R"
"154","8240"
"2265","8240-P__82"
"1860","8240-R"
"889","8241"
"1275","8241-R__82"
"524","8242"
"565","8245"
"871","8247"
"2191","8247-P__82"
"870","8247-R"
"2202","8248"
"2504","8261"
"277","8262"
"942","8262-P__82"
"2010","8262-R"
"2030","8267"
"1406","8274"
"2515","8276"
"2488","8320"
"1639","8376"
"1638","8376-R"
"1213","8404"
"1789","8413"
"1453","8429"
"1827","8446"
"2086","8449"
"2476","8482"
"1265","854047"
"1861","854047-P__"
"1795","854047-R"
"1462","854101"
"240","8550"
"1425","8551"
"656","8586"
"1954","8658"
"2231","8658-P__86"
"2193","8658-R"
"806","8660"
"2133","8660-P__86"
"2238","8660-R"
"4","8662"
"3","8662-P__86"
"1055","8662-R"
"9","8672"
"2045","8672-P__86"
"127","8672-R"
"1256","8673"
"1882","8673-P__86"
"1507","8673-P__BA"
"1255","8673-R"
"768","8675"
"1298","8686"
"663","8707"
"662","8707-P__87"
"1336","8707-R"
"1754","9028"
"1876","9163"
"1968","9357"
"1976","9357-P__93"
"1967","9357-R"
"672","9475"
"953","9475-P__94"
"671","9475-R"
"2312","9545"
"1146","9598"
"1145","9598-P__95"
"1765","9598-R"
"1913","96023369"
"874","96023383"
"1325","96023383-R"
"1621","96023696"
"2328","96023914"
"2011","96024082"
"1718","96024083"
"1641","96024159"
"2493","96024246"
"1733","96024279"
"609","96024391"
"238","96024393"
"1089","9689"
"646","9738"
"615","BAD_M_10ft"
"1116","BAD_M_11do"
"1009","BAD_M_11_c"
"1367","BAD_M_12dg"
"2174","BAD_M_12ha"
"636","BAD_M_12HP"
"1679","BAD_M_12RH"
"1304","BAD_M_13da"
"754","BAD_M_13_c"
"1331","BAD_M_15HP"
"356","BAD_M_17ah"
"1053","BAD_M_18ha"
"750","BAD_M_1a24"
"1043","BAD_M_1a25"
"2002","BAD_M_1dde"
"1267","BAD_M_1gly"
"2107","BAD_M_1p2c"
"1543","BAD_M_20ah"
"1092","BAD_M_2425"
"1250","BAD_M_24np"
"707","BAD_M_25hv"
"918","BAD_M_2c23"
"1435","BAD_M_2dde"
"967","BAD_M_2dec"
"753","BAD_M_2doc"
"1364","BAD_M_2dod"
"1414","BAD_M_2dp6"
"958","BAD_M_2dpm"
"649","BAD_M_2hex"
"1205","BAD_M_2oct"
"209","BAD_M_34dh"
"1020","BAD_M_35di"
"1767","BAD_M_3aib"
"725","BAD_M_3bcr"
"741","BAD_M_3ddc"
"1368","BAD_M_3dde"
"908","BAD_M_3dec"
"1274","BAD_M_3doc"
"1458","BAD_M_3dod"
"1837","BAD_M_3dpd"
"1550","BAD_M_3dph"
"1389","BAD_M_3h26"
"1738","BAD_M_3hbc"
"680","BAD_M_3hde"
"1431","BAD_M_3hex"
"1289","BAD_M_3hod"
"1449","BAD_M_3htm"
"1024","BAD_M_3ity"
"697","BAD_M_3ivc"
"1042","BAD_M_3m4h"
"1517","BAD_M_3mld"
"1709","BAD_M_3mox"
"406","BAD_M_3ocd"
"459","BAD_M_3oct"
"1341","BAD_M_3ohx"
"2073","BAD_M_3pad"
"1746","BAD_M_3snp"
"1156","BAD_M_3tdc"
"1329","BAD_M_3tet"
"454","BAD_M_3the"
"919","BAD_M_3tte"
"1729","BAD_M_42A3"
"248","BAD_M_44mc"
"1095","BAD_M_44mz"
"2246","BAD_M_4aph"
"909","BAD_M_4hde"
"784","BAD_M_4hex"
"627","BAD_M_4mpt"
"847","BAD_M_4mto"
"1270","BAD_M_4mzy"
"853","BAD_M_4nph"
"951","BAD_M_4pyr"
"1509","BAD_M_4tme"
"1307","BAD_M_56di"
"600","BAD_M_5adt"
"446","BAD_M_5dhf"
"274","BAD_M_5eip"
"692","BAD_M_5hom"
"1818","BAD_M_5hox"
"1127","BAD_M_5HPE"
"421","BAD_M_5htr"
"1370","BAD_M_5hxk"
"247","BAD_M_5ted"
"816","BAD_M_5thf"
"537","BAD_M_6dhf"
"1469","BAD_M_6hox"
"882","BAD_M_6hts"
"1007","BAD_M_6thf"
"1299","BAD_M_7dhc"
"334","BAD_M_7dhf"
"417","BAD_M_7thf"
"1501","BAD_M_9_ci"
"358","BAD_M_acga"
"1203","BAD_M_acgb"
"146","BAD_M_acgl"
"1684","BAD_M_acn1"
"190","BAD_M_acn2"
"1086","BAD_M_acna"
"1081","BAD_M_acng"
"1803","BAD_M_adpa"
"1920","BAD_M_adpc"
"2068","BAD_M_adpm"
"1084","BAD_M_adpr"
"353","BAD_M_adrn"
"1852","BAD_M_adse"
"300","BAD_M_afla"
"897","BAD_M_ahan"
"777","BAD_M_air_"
"1583","BAD_M_ak2g"
"1878","BAD_M_akgp"
"1716","BAD_M_alds"
"2094","BAD_M_alky"
"1459","BAD_M_alpa"
"563","BAD_M_andr"
"2042","BAD_M_anti"
"1654","BAD_M_apnn"
"457","BAD_M_apoC"
"1630","BAD_M_appn"
"266","BAD_M_aprg"
"1616","BAD_M_aqco"
"354","BAD_M_arac"
"960","BAD_M_Asn_"
"1656","BAD_M_avit"
"1322","BAD_M_bamp"
"689","BAD_M_bglc"
"259","BAD_M_bild"
"47","BAD_M_bilg"
"1114","BAD_M_bioc"
"947","BAD_M_btam"
"934","BAD_M_but_"
"1192","BAD_M_C010"
"1433","BAD_M_C012"
"2092","BAD_M_C015"
"1963","BAD_M_C017"
"2158","BAD_M_C024"
"746","BAD_M_C025"
"2146","BAD_M_C033"
"2309","BAD_M_C038"
"1562","BAD_M_C039"
"1677","BAD_M_C044"
"136","BAD_M_C046"
"2087","BAD_M_C047"
"1259","BAD_M_C048"
"1004","BAD_M_C051"
"1691","BAD_M_C052"
"1681","BAD_M_C054"
"1542","BAD_M_C057"
"412","BAD_M_C059"
"923","BAD_M_C064"
"642","BAD_M_C072"
"738","BAD_M_C082"
"814","BAD_M_c101"
"988","BAD_M_c10c"
"99","BAD_M_c10d"
"1260","BAD_M_c12d"
"1169","BAD_M_c14d"
"903","BAD_M_c16d"
"163","BAD_M_c226"
"2105","BAD_M_c2m2"
"1316","BAD_M_c3dc"
"1441","BAD_M_c4dc"
"1003","BAD_M_c51c"
"1420","BAD_M_c5dc"
"526","BAD_M_c6cr"
"1440","BAD_M_c6dc"
"1052","BAD_M_c81c"
"1697","BAD_M_c8cr"
"851","BAD_M_c8dc"
"1005","BAD_M_carn"
"695","BAD_M_carv"
"1622","BAD_M_cbl2"
"1238","BAD_M_cca_"
"521","BAD_M_cdpd"
"2160","BAD_M_CE00"
"1702","BAD_M_CE02"
"1326","BAD_M_CE03"
"1094","BAD_M_CE04"
"601","BAD_M_CE06"
"776","BAD_M_CE07"
"966","BAD_M_CE08"
"2126","BAD_M_CE09"
"1732","BAD_M_CE10"
"1629","BAD_M_CE11"
"332","BAD_M_CE12"
"1896","BAD_M_CE13"
"1863","BAD_M_CE14"
"1330","BAD_M_CE15"
"1411","BAD_M_CE16"
"1091","BAD_M_CE17"
"73","BAD_M_CE19"
"242","BAD_M_CE20"
"685","BAD_M_CE21"
"213","BAD_M_CE22"
"67","BAD_M_CE23"
"228","BAD_M_CE24"
"276","BAD_M_CE25"
"1278","BAD_M_CE26"
"1388","BAD_M_CE27"
"357","BAD_M_CE28"
"392","BAD_M_CE29"
"319","BAD_M_CE30"
"1419","BAD_M_CE31"
"1477","BAD_M_CE34"
"1266","BAD_M_CE35"
"449","BAD_M_CE47"
"54","BAD_M_CE48"
"251","BAD_M_CE49"
"1027","BAD_M_CE50"
"245","BAD_M_CE51"
"193","BAD_M_CE52"
"137","BAD_M_CE53"
"123","BAD_M_CE55"
"825","BAD_M_CE56"
"701","BAD_M_CE57"
"214","BAD_M_CE58"
"182","BAD_M_CE59"
"1253","BAD_M_CE60"
"131","BAD_M_CE61"
"295","BAD_M_CE62"
"181","BAD_M_CE63"
"643","BAD_M_CE64"
"331","BAD_M_CE65"
"26","BAD_M_CE70"
"567","BAD_M_CE71"
"1351","BAD_M_CE72"
"1464","BAD_M_chit"
"1224","BAD_M_chls"
"607","BAD_M_chol"
"1720","BAD_M_chst"
"2159","BAD_M_citm"
"314","BAD_M_clpn"
"1926","BAD_M_cmp2"
"1683","BAD_M_cmpn"
"56","BAD_M_CN00"
"691","BAD_M_coke"
"1131","BAD_M_core"
"980","BAD_M_cort"
"1401","BAD_M_crmp"
"634","BAD_M_crm_"
"2163","BAD_M_crtn"
"246","BAD_M_crts"
"608","BAD_M_crvn"
"682","BAD_M_cspg"
"797","BAD_M_cs_a"
"419","BAD_M_cs_b"
"957","BAD_M_cs_c"
"944","BAD_M_cs_d"
"297","BAD_M_cs_e"
"1309","BAD_M_cs_h"
"191","BAD_M_cs_p"
"1614","BAD_M_ctde"
"1529","BAD_M_dak2"
"1006","BAD_M_dcac"
"1312","BAD_M_dca_"
"915","BAD_M_dcsp"
"973","BAD_M_dd3c"
"1390","BAD_M_dd5e"
"520","BAD_M_ddca"
"1159","BAD_M_ddec"
"2078","BAD_M_ddsm"
"927","BAD_M_dec2"
"1123","BAD_M_dec4"
"700","BAD_M_decd"
"828","BAD_M_dece"
"162","BAD_M_dect"
"990","BAD_M_dedo"
"1959","BAD_M_dem2"
"1344","BAD_M_dgch"
"2015","BAD_M_dgpi"
"1482","BAD_M_dhbp"
"293","BAD_M_dhch"
"1386","BAD_M_dhcr"
"938","BAD_M_diga"
"1183","BAD_M_dlnl"
"1589","BAD_M_dman"
"2049","BAD_M_dmhe"
"920","BAD_M_dmhp"
"403","BAD_M_dmno"
"712","BAD_M_doco"
"1485","BAD_M_dode"
"998","BAD_M_dold"
"681","BAD_M_dolg"
"583","BAD_M_doli"
"284","BAD_M_dolm"
"532","BAD_M_dolp"
"378","BAD_M_dopa"
"333","BAD_M_dsms"
"1704","BAD_M_dsT_"
"1209","BAD_M_dxtr"
"1311","BAD_M_eafl"
"2264","BAD_M_eand"
"667","BAD_M_ebas"
"1764","BAD_M_ecgo"
"264","BAD_M_egme"
"1505","BAD_M_ei11"
"366","BAD_M_eico"
"1812","BAD_M_eipe"
"1296","BAD_M_eite"
"385","BAD_M_elai"
"625","BAD_M_em2e"
"1276","BAD_M_em3g"
"1872","BAD_M_emem"
"1975","BAD_M_emga"
"913","BAD_M_eryt"
"128","BAD_M_estr"
"1908","BAD_M_etfo"
"1525","BAD_M_etfr"
"494","BAD_M_f1a_"
"2074","BAD_M_f5ho"
"2007","BAD_M_fn2m"
"497","BAD_M_fna5"
"1887","BAD_M_fpra"
"289","BAD_M_fuc1"
"1317","BAD_M_fuca"
"101","BAD_M_fucf"
"622","BAD_M_fucg"
"735","BAD_M_fuc_"
"764","BAD_M_g1m6"
"1066","BAD_M_g1m7"
"1382","BAD_M_g1m8"
"892","BAD_M_g2m8"
"308","BAD_M_g3m8"
"394","BAD_M_ga1_"
"904","BAD_M_ga2_"
"713","BAD_M_gacp"
"1745","BAD_M_gal1"
"698","BAD_M_gala"
"1035","BAD_M_galf"
"509","BAD_M_galg"
"1273","BAD_M_gals"
"1428","BAD_M_galt"
"1166","BAD_M_gbsi"
"428","BAD_M_gcho"
"1488","BAD_M_gd1a"
"530","BAD_M_gd1b"
"1617","BAD_M_gd1c"
"799","BAD_M_gd2_"
"1593","BAD_M_gd3_"
"599","BAD_M_ggn_"
"979","BAD_M_glac"
"1126","BAD_M_glc1"
"1851","BAD_M_glc2"
"2026","BAD_M_glc3"
"2266","BAD_M_glgc"
"1996","BAD_M_gltc"
"1699","BAD_M_gltd"
"1343","BAD_M_glua"
"1080","BAD_M_glus"
"495","BAD_M_glyc"
"702","BAD_M_glyg"
"1178","BAD_M_glyp"
"237","BAD_M_glys"
"1865","BAD_M_gm1a"
"827","BAD_M_gm1b"
"1692","BAD_M_gm1_"
"1474","BAD_M_gm2a"
"1548","BAD_M_gm2_"
"968","BAD_M_gm3_"
"1853","BAD_M_gnco"
"150","BAD_M_gp1c"
"690","BAD_M_gpi_"
"527","BAD_M_gq1b"
"838","BAD_M_gq1c"
"285","BAD_M_gt1a"
"1223","BAD_M_gt1b"
"1237","BAD_M_gt1c"
"1264","BAD_M_gt2_"
"1877","BAD_M_gt3_"
"141","BAD_M_guda"
"1536","BAD_M_gumd"
"2307","BAD_M_gumg"
"989","BAD_M_gumt"
"1663","BAD_M_gum_"
"2096","BAD_M_ha_d"
"1378","BAD_M_ha_p"
"138","BAD_M_HC00"
"361","BAD_M_HC01"
"7","BAD_M_HC02"
"785","BAD_M_HC10"
"1694","BAD_M_hcou"
"628","BAD_M_hdce"
"635","BAD_M_hdco"
"1779","BAD_M_hdd2"
"2098","BAD_M_hdeA"
"1960","BAD_M_hede"
"1503","BAD_M_hepc"
"291","BAD_M_hest"
"772","BAD_M_hexc"
"542","BAD_M_hexd"
"1355","BAD_M_hexe"
"370","BAD_M_hmgc"
"1632","BAD_M_hnif"
"1096","BAD_M_homo"
"352","BAD_M_hpdc"
"1226","BAD_M_hret"
"269","BAD_M_hspg"
"873","BAD_M_hs_d"
"1849","BAD_M_hs_l"
"582","BAD_M_hs_p"
"1400","BAD_M_htax"
"1048","BAD_M_hxco"
"964","BAD_M_hypt"
"559","BAD_M_idou"
"941","BAD_M_kdnp"
"1426","BAD_M_kdn_"
"433","BAD_M_ksii"
"19","BAD_M_ksi_"
"1903","BAD_M_kyna"
"2048","BAD_M_l2fn"
"1598","BAD_M_l2n2"
"401","BAD_M_leug"
"268","BAD_M_leuk"
"491","BAD_M_lgnc"
"792","BAD_M_lnel"
"647","BAD_M_lnlc"
"80","BAD_M_lnln"
"299","BAD_M_lpch"
"1062","BAD_M_lths"
"1564","BAD_M_lum3"
"1013","BAD_M_lxse"
"1688","BAD_M_lyxn"
"502","BAD_M_L_dp"
"1310","BAD_M_m1mp"
"519","BAD_M_m2em"
"515","BAD_M_m2ga"
"744","BAD_M_m2mn"
"1087","BAD_M_m2mp"
"1180","BAD_M_m3em"
"151","BAD_M_m3ga"
"1182","BAD_M_m3mp"
"2242","BAD_M_m4ma"
"581","BAD_M_m4mp"
"98","BAD_M_m5ma"
"1360","BAD_M_m5mp"
"1894","BAD_M_m6ma"
"604","BAD_M_m6mp"
"348","BAD_M_m7ma"
"1597","BAD_M_m7mp"
"1774","BAD_M_m8ma"
"1828","BAD_M_m8mp"
"602","BAD_M_mag_"
"576","BAD_M_malt"
"893","BAD_M_mela"
"885","BAD_M_mem2"
"975","BAD_M_memg"
"610","BAD_M_mepi"
"1804","BAD_M_merc"
"329","BAD_M_mesc"
"1781","BAD_M_mgac"
"1286","BAD_M_mi13"
"670","BAD_M_mi14"
"1152","BAD_M_mi34"
"2321","BAD_M_mn_c"
"1991","BAD_M_mn_l"
"1138","BAD_M_mpdo"
"790","BAD_M_myrs"
"921","BAD_M_m_em"
"1676","BAD_M_m_LP"
"664","BAD_M_n2m2"
"1527","BAD_M_n3m2"
"1171","BAD_M_n4m2"
"534","BAD_M_n5m2"
"1147","BAD_M_Nacs"
"560","BAD_M_nagl"
"2024","BAD_M_Ndme"
"950","BAD_M_nfor"
"2089","BAD_M_nm2m"
"1580","BAD_M_nm4m"
"1762","BAD_M_Nmel"
"1790","BAD_M_nmth"
"1875","BAD_M_nonc"
"310","BAD_M_npth"
"1398","BAD_M_nrpp"
"629","BAD_M_nrvn"
"2293","BAD_M_ntm2"
"933","BAD_M_Ntme"
"448","BAD_M_nwha"
"1134","BAD_M_oagd"
"1028","BAD_M_oagt"
"1880","BAD_M_ocdc"
"1514","BAD_M_ocde"
"369","BAD_M_octd"
"1196","BAD_M_octe"
"760","BAD_M_odec"
"1297","BAD_M_omep"
"1284","BAD_M_omhd"
"803","BAD_M_omhp"
"506","BAD_M_onpt"
"1604","BAD_M_oret"
"1526","BAD_M_paf_"
"119","BAD_M_pail"
"1158","BAD_M_palm"
"351","BAD_M_pa_h"
"118","BAD_M_pcho"
"1054","BAD_M_pcre"
"969","BAD_M_pcrn"
"905","BAD_M_pd3_"
"1427","BAD_M_pecg"
"282","BAD_M_pect"
"1794","BAD_M_pent"
"2196","BAD_M_pepl"
"1787","BAD_M_peps"
"1695","BAD_M_pera"
"1951","BAD_M_pgly"
"362","BAD_M_pgp_"
"1873","BAD_M_phea"
"272","BAD_M_phyt"
"1215","BAD_M_pmtc"
"631","BAD_M_ppa_"
"591","BAD_M_ppmi"
"1592","BAD_M_pre_"
"616","BAD_M_prgn"
"1750","BAD_M_prgs"
"778","BAD_M_pris"
"1197","BAD_M_prog"
"223","BAD_M_pros"
"1090","BAD_M_pro_"
"65","BAD_M_psyl"
"1184","BAD_M_ps_h"
"142","BAD_M_ptdc"
"822","BAD_M_pyla"
"408","BAD_M_q10h"
"2324","BAD_M_q8h2"
"589","BAD_M_R1co"
"304","BAD_M_R2co"
"1480","BAD_M_R3co"
"878","BAD_M_R4co"
"993","BAD_M_R5co"
"970","BAD_M_R6co"
"858","BAD_M_retf"
"555","BAD_M_reti"
"1728","BAD_M_retn"
"739","BAD_M_Rtot"
"1014","BAD_M_s2l2"
"1251","BAD_M_sbco"
"1211","BAD_M_seah"
"1559","BAD_M_seba"
"147","BAD_M_sebc"
"719","BAD_M_Ser_"
"742","BAD_M_sgal"
"1686","BAD_M_spc_"
"510","BAD_M_sphi"
"734","BAD_M_sphm"
"389","BAD_M_sphs"
"337","BAD_M_stcr"
"755","BAD_M_sTn_"
"1969","BAD_M_strc"
"391","BAD_M_strd"
"1430","BAD_M_sT_a"
"484","BAD_M_t2m2"
"1850","BAD_M_tag1"
"575","BAD_M_tag_"
"830","BAD_M_tdcr"
"1736","BAD_M_tdde"
"1810","BAD_M_tdeA"
"1422","BAD_M_tdec"
"1252","BAD_M_tetd"
"1300","BAD_M_teth"
"94","BAD_M_tetp"
"107","BAD_M_tett"
"1019","BAD_M_thbp"
"749","BAD_M_thch"
"1567","BAD_M_thcr"
"1725","BAD_M_thex"
"458","BAD_M_thm_"
"371","BAD_M_thrn"
"535","BAD_M_thyo"
"85","BAD_M_tmnd"
"1869","BAD_M_tmtr"
"1516","BAD_M_tmun"
"579","BAD_M_trid"
"447","BAD_M_trio"
"1973","BAD_M_ts3_"
"619","BAD_M_tsts"
"1945","BAD_M_ttcc"
"1376","BAD_M_ttc_"
"292","BAD_M_ttdc"
"1423","BAD_M_ttet"
"1635","BAD_M_tyms"
"1487","BAD_M_Tyr_"
"507","BAD_M_undc"
"910","BAD_M_vacc"
"861","BAD_M_vitd"
"1418","BAD_M_whar"
"2177","BAD_M_whdd"
"1800","BAD_M_whhd"
"273","BAD_M_whts"
"665","BAD_M_whtt"
"1148","BAD_M_xol2"
"338","BAD_M_xol7"
"891","BAD_M_xold"
"1231","BAD_M_xole"
"611","BAD_M_xolt"
"864","BAD_M_xser"
"1268","BAD_M_xyln"
"798","BAD_M_zym_"