rct,nodea,nodeb,map_rel
2513,2513,51,14
2513,2513,1715,14
2511,2511,1715,14
2511,2511,387,14
2510,2510,60,14
2510,2510,2515,14
2509,2509,2504,14
2509,2509,2512,14
2507,2507,60,14
2507,2507,1756,14
2506,2506,1045,14
2506,2506,839,14
2505,2505,277,14
2505,2505,1051,14
2503,2503,2504,14
2503,2503,60,14
2502,2502,1051,14
2502,2502,2508,14
2502,2502,441,14
2502,2502,2514,14
2502,2502,2357,14
2501,2501,2337,14
2501,2501,60,14
2501,2501,2508,14
2500,2500,1045,14
2500,2500,1756,14
2499,2499,1168,14
2499,2499,60,14
2497,2497,2329,13
2497,2497,144,13
2496,2496,1786,13
2496,2496,2498,13
2495,2495,1243,13
2495,2495,1098,13
2492,2492,2493,13
2492,2492,2494,13
2491,2491,1886,13
2491,2491,1168,13
2491,2491,1886,14
2491,2491,1168,14
2490,2490,1168,13
2490,2490,60,13
2490,2490,1168,14
2490,2490,60,14
2489,2489,1723,13
2489,2489,1243,13
2487,2487,1786,13
2487,2487,1358,13
2486,2486,402,13
2486,2486,2488,13
2485,2485,1340,12
2485,2485,872,12
2484,2484,2030,12
2484,2484,51,12
2483,2483,1032,12
2483,2483,51,12
2483,2483,1032,13
2483,2483,51,13
2483,2483,1032,14
2483,2483,51,14
2482,2482,404,12
2482,2482,2030,12
2481,2481,505,12
2481,2481,1508,12
2480,2480,2326,12
2480,2480,404,12
2479,2479,505,12
2479,2479,1340,12
2477,2477,538,11
2477,2477,2476,11
2475,2475,554,11
2475,2475,543,11
2474,2474,1359,11
2474,2474,194,11
2473,2473,2090,11
2473,2473,2476,11
2472,2472,1472,11
2472,2472,538,11
2470,2470,538,11
2470,2470,1472,11
2469,2469,81,11
2469,2469,759,11
2468,2468,444,11
2468,2468,2471,11
2467,2467,554,11
2467,2467,759,11
2465,2465,2466,11
2465,2465,2478,11
2463,2463,1472,11
2463,2463,466,11
2461,2461,2462,11
2461,2461,1359,11
2460,2460,1001,11
2460,2460,1965,11
2459,2459,543,11
2459,2459,2464,11
2458,2458,81,11
2458,2458,1001,11
2457,2457,538,11
2457,2457,529,11
2456,2456,1221,11
2456,2456,302,11
2455,2455,554,11
2455,2455,759,11
2454,2454,554,11
2454,2454,1332,11
2452,2452,2453,11
2452,2452,759,11
2451,2451,2090,11
2451,2451,1472,11
2450,2450,81,11
2450,2450,1965,11
2449,2449,466,11
2449,2449,2453,11
2448,2448,543,11
2448,2448,554,11
2444,2444,2429,10
2444,2444,2436,10
2443,2443,577,10
2443,2443,2445,10
2442,2442,981,10
2442,2442,2446,10
2441,2441,580,10
2441,2441,2436,10
2440,2440,577,10
2440,2440,2245,10
2440,2440,981,10
2439,2439,580,10
2439,2439,2447,10
2438,2438,577,10
2438,2438,1911,10
2435,2435,2436,10
2435,2435,577,10
2433,2433,1301,10
2433,2433,2434,10
2433,2433,364,10
2431,2431,2432,10
2431,2431,577,10
2431,2431,2437,10
2430,2430,577,10
2430,2430,2427,10
2428,2428,2429,10
2428,2428,143,10
2426,2426,2427,10
2426,2426,2436,10
2426,2426,981,10
2425,2425,729,9
2425,2425,1456,9
2423,2423,804,9
2423,2423,471,9
2422,2422,471,9
2422,2422,437,9
2422,2422,437,11
2422,2422,512,11
2421,2421,1570,9
2421,2421,2424,9
2418,2418,1258,8
2418,2418,2419,8
2418,2418,2419,11
2418,2418,1258,11
2417,2417,302,8
2417,2417,1258,8
2417,2417,302,11
2417,2417,1258,11
2415,2415,2416,8
2415,2415,2420,8
2414,2414,2339,8
2414,2414,1468,8
2413,2413,1221,8
2413,2413,1115,8
2413,2413,1221,11
2413,2413,1115,11
2412,2412,543,8
2412,2412,364,8
2411,2411,1279,8
2411,2411,1338,8
2410,2410,364,8
2410,2410,1468,8
2409,2409,543,8
2409,2409,1727,8
2408,2408,1221,8
2408,2408,302,8
2407,2407,364,8
2407,2407,2172,8
2406,2406,618,8
2406,2406,430,8
2406,2406,430,11
2406,2406,618,11
2405,2405,1115,8
2405,2405,1744,8
2405,2405,1115,11
2405,2405,1744,11
2404,2404,1744,8
2404,2404,618,8
2404,2404,1744,11
2404,2404,618,11
2401,2401,1369,7
2401,2401,765,7
2399,2399,2400,7
2399,2399,437,7
2397,2397,2398,7
2397,2397,2402,7
2396,2396,1533,7
2396,2396,2403,7
2395,2395,437,7
2395,2395,143,7
2395,2395,143,9
2395,2395,437,9
2395,2395,143,10
2395,2395,580,10
2395,2395,143,11
2395,2395,437,11
2394,2394,729,7
2394,2394,471,7
2393,2393,765,7
2393,2393,666,7
2392,2392,471,7
2392,2392,2400,7
2390,2390,729,7
2390,2390,236,7
2389,2389,2188,7
2389,2389,2391,7
2388,2388,2188,7
2388,2388,765,7
2387,2387,1272,7
2387,2387,666,7
2386,2386,143,7
2386,2386,580,7
2386,2386,143,10
2386,2386,580,10
2386,2386,143,11
2386,2386,580,11
2385,2385,1669,6
2385,2385,598,6
2384,2384,2353,6
2384,2384,1338,6
2384,2384,1338,8
2384,2384,2353,8
2383,2383,1018,6
2383,2383,2378,6
2382,2382,1817,6
2382,2382,1358,6
2382,2382,1817,13
2382,2382,1358,13
2381,2381,373,6
2381,2381,2341,6
2380,2380,598,6
2380,2380,1338,6
2379,2379,425,6
2379,2379,2378,6
2379,2379,856,6
2376,2376,2377,6
2376,2376,1972,6
2375,2375,1519,6
2375,2375,1972,6
2374,2374,373,6
2374,2374,1519,6
2373,2373,1272,6
2373,2373,2104,6
2373,2373,2378,6
2373,2373,1338,6
2373,2373,621,6
2372,2372,1519,6
2372,2372,856,6
2371,2371,110,5
2371,2371,441,5
2371,2371,1399,5
2370,2370,2329,5
2370,2370,144,5
2369,2369,1210,5
2369,2369,465,5
2368,2368,486,5
2368,2368,189,5
2368,2368,486,12
2368,2368,189,12
2368,2368,486,13
2368,2368,144,13
2368,2368,189,13
2367,2367,2329,5
2367,2367,465,5
2367,2367,2329,13
2367,2367,465,13
2365,2365,578,5
2365,2365,752,5
2365,2365,752,14
2365,2365,578,14
2364,2364,2337,5
2364,2364,2366,5
2364,2364,752,5
2363,2363,465,5
2363,2363,110,5
2362,2362,110,5
2362,2362,1210,5
2361,2361,486,5
2361,2361,51,5
2361,2361,144,5
2361,2361,404,12
2361,2361,51,12
2361,2361,35,12
2361,2361,51,14
2361,2361,35,14
2360,2360,580,4
2360,2360,2333,4
2360,2360,580,11
2360,2360,2333,11
2359,2359,2357,4
2359,2359,441,4
2359,2359,2350,4
2359,2359,2349,4
2359,2359,2357,5
2359,2359,2366,5
2359,2359,1399,5
2359,2359,441,5
2359,2359,2350,5
2359,2359,2349,5
2359,2359,2357,12
2359,2359,441,12
2359,2359,2350,12
2359,2359,2349,12
2358,2358,2353,4
2358,2358,543,4
2358,2358,2353,6
2358,2358,543,6
2358,2358,2353,8
2358,2358,543,8
2356,2356,2339,4
2356,2356,2344,4
2355,2355,1188,4
2355,2355,400,4
2354,2354,2333,4
2354,2354,2339,4
2354,2354,2333,11
2354,2354,2339,11
2352,2352,2353,4
2352,2352,543,4
2352,2352,2353,6
2352,2352,543,6
2352,2352,543,8
2352,2352,2353,8
2351,2351,2151,4
2351,2351,1817,4
2348,2348,2349,4
2348,2348,51,4
2348,2348,2337,4
2348,2348,2349,5
2348,2348,51,5
2348,2348,2337,5
2348,2348,2349,12
2348,2348,51,12
2348,2348,2337,12
2347,2347,1817,4
2347,2347,256,4
2346,2346,543,4
2346,2346,2341,4
2345,2345,288,4
2345,2345,393,4
2345,2345,189,12
2345,2345,288,12
2345,2345,393,12
2343,2343,2344,4
2343,2343,2341,4
2342,2342,614,4
2342,2342,2151,4
2340,2340,2341,4
2340,2340,2333,4
2340,2340,2341,6
2340,2340,2333,6
2338,2338,2339,4
2338,2338,2333,4
2336,2336,2337,4
2336,2336,2357,4
2336,2336,2337,5
2336,2336,2357,5
2336,2336,2337,12
2336,2336,2357,12
2336,2336,2337,14
2336,2336,2357,14
2335,2335,978,4
2335,2335,2151,4
2334,2334,978,4
2334,2334,614,4
2332,2332,2333,4
2332,2332,543,4
2332,2332,2333,6
2332,2332,543,6
2332,2332,2333,11
2332,2332,543,11
2331,2331,683,3
2330,2330,872,2
2327,2327,2328,2
2327,2327,683,2
2327,2327,2324,2
2327,2327,578,2
2327,2327,2328,3
2327,2327,2324,3
2327,2327,578,3
2327,2327,683,3
2327,2327,578,5
2327,2327,683,5
2325,2325,683,2
2325,2325,578,2
2325,2325,2324,2
2325,2325,2328,2
2325,2325,2324,3
2325,2325,578,3
2325,2325,683,3
2325,2325,2328,3
2323,2323,1938,1
2322,2322,1845,1
2319,2319,1191,1
2318,2318,360,1
2317,2317,1533,1
2316,2316,326,1
2316,2316,326,3
2315,2315,1189,1
2313,2313,2188,1
2311,2311,69,1
2310,2310,860,1
2308,2308,442,1
2304,2304,1015,1
2303,2303,992,1
2302,2302,404,1
2302,2302,404,3
2301,2301,347,1
2301,2301,347,3
2300,2300,780,1
2299,2299,1513,1
2298,2298,811,1
2297,2297,505,1
2296,2296,880,1
2295,2295,935,1
2294,2294,505,1
2291,2291,211,1
2290,2290,195,1
2289,2289,2240,1
2288,2288,1111,1
2286,2286,165,1
2285,2285,674,1
2284,2284,100,1
2283,2283,288,1
2281,2281,475,1
2280,2280,1320,1
2278,2278,1222,1
2277,2277,368,1
2275,2275,2209,1
2274,2274,399,1
2273,2273,788,1
2271,2271,172,1
2270,2270,110,1
2270,2270,110,3
2269,2269,782,1
2268,2268,483,1
2265,2265,154,1
2261,2261,877,1
2260,2260,432,1
2257,2257,981,1
2256,2256,731,1
2255,2255,355,1
2254,2254,263,1
2253,2253,606,1
2252,2252,801,1
2251,2251,718,1
2250,2250,496,1
2249,2249,2245,1
2248,2248,81,1
2248,2248,1472,1
2248,2248,1472,11
2248,2248,81,11
2247,2247,547,1
2244,2244,1262,1
2243,2243,83,1
2241,2241,372,1
2239,2239,1188,1
2239,2239,1188,3
2238,2238,806,1
2237,2237,438,1
2236,2236,90,1
2236,2236,90,3
2235,2235,1001,1
2234,2234,679,1
2233,2233,612,1
2232,2232,2209,1
2231,2231,1954,1
2230,2230,1396,1
2229,2229,222,1
2227,2227,1229,1
2226,2226,1071,1
2224,2224,1229,1
2223,2223,743,1
2222,2222,46,1
2221,2221,203,1
2220,2220,594,1
2219,2219,2057,1
2218,2218,430,1
2216,2216,1124,1
2215,2215,955,1
2214,2214,1119,1
2212,2212,1626,1
2211,2211,1139,1
2210,2210,66,1
2208,2208,265,1
2208,2208,265,3
2206,2206,1585,1
2205,2205,112,1
2203,2203,2204,1
2201,2201,183,1
2200,2200,425,1
2199,2199,1540,1
2198,2198,1352,1
2197,2197,2057,1
2195,2195,1623,1
2194,2194,260,1
2193,2193,1954,1
2192,2192,1623,1
2191,2191,871,1
2190,2190,364,1
2190,2190,364,3
2189,2189,2004,1
2187,2187,2188,1
2186,2186,1523,1
2184,2184,1338,1
2184,2184,400,1
2184,2184,598,1
2180,2180,531,1
2178,2178,217,1
2176,2176,1262,1
2175,2175,669,1
2171,2171,809,1
2170,2170,1843,1
2168,2168,684,1
2167,2167,587,1
2166,2166,1819,1
2165,2165,74,1
2161,2161,1036,1
2157,2157,104,1
2156,2156,322,1
2154,2154,1128,1
2153,2153,1328,1
2152,2152,143,1
2150,2150,187,1
2149,2149,1538,1
2147,2147,1476,1
2147,2147,100,1
2145,2145,1445,1
2143,2143,1777,1
2142,2142,1235,1
2140,2140,416,1
2139,2139,1224,1
2139,2139,1490,1
2137,2137,1036,1
2136,2136,676,1
2135,2135,621,1
2134,2134,1235,1
2133,2133,806,1
2132,2132,1192,1
2132,2132,44,1
2132,2132,788,1
2131,2131,572,1
2130,2130,513,1
2129,2129,271,1
2128,2128,1334,1
2127,2127,922,1
2125,2125,875,1
2123,2123,1432,1
2122,2122,140,1
2121,2121,158,1
2120,2120,1740,1
2119,2119,872,1
2119,2119,872,3
2118,2118,1540,1
2117,2117,924,1
2116,2116,1965,1
2113,2113,2040,1
2112,2112,189,1
2112,2112,189,3
2111,2111,402,1
2111,2111,402,3
2110,2110,1001,1
2110,2110,1965,1
2110,2110,44,1
2109,2109,1476,1
2108,2108,1572,1
2106,2106,339,1
2103,2103,1082,1
2102,2102,765,1
2100,2100,659,1
2099,2099,367,1
2095,2095,709,1
2093,2093,473,1
2091,2091,1902,1
2091,2091,607,1
2091,2091,44,1
2088,2088,218,1
2085,2085,22,1
2083,2083,1072,1
2081,2081,694,1
2079,2079,1472,1
2077,2077,1189,1
2075,2075,1494,1
2072,2072,1669,1
2071,2071,863,1
2070,2070,306,1
2069,2069,365,1
2067,2067,286,1
2066,2066,752,1
2066,2066,1886,1
2066,2066,752,13
2066,2066,1886,13
2066,2066,752,14
2066,2066,1886,14
2062,2062,859,1
2061,2061,1678,1
2060,2060,232,1
2059,2059,44,1
2059,2059,223,1
2059,2059,901,1
2058,2058,630,1
2056,2056,1249,1
2054,2054,1151,1
2053,2053,1137,1
2050,2050,342,1
2045,2045,9,1
2044,2044,1307,1
2044,2044,2204,1
2043,2043,2004,1
2041,2041,765,1
2039,2039,2040,1
2037,2037,804,1
2036,2036,983,1
2035,2035,1759,1
2035,2035,1106,1
2034,2034,1139,1
2034,2034,316,1
2034,2034,158,1
2033,2033,974,1
2031,2031,75,1
2029,2029,1332,1
2028,2028,265,1
2028,2028,7,1
2028,2028,504,1
2027,2027,1142,1
2023,2023,1599,1
2022,2022,1392,1
2022,2022,1304,1
2022,2022,2279,1
2020,2020,1120,1
2019,2019,33,1
2018,2018,962,1
2017,2017,316,1
2016,2016,50,1
2014,2014,1107,1
2013,2013,863,1
2012,2012,606,1
2010,2010,277,1
2009,2009,20,1
2009,2009,2065,1
2009,2009,2162,1
2009,2009,11,1
2009,2009,410,1
2006,2006,15,1
2003,2003,185,1
2001,2001,278,1
2000,2000,78,1
2000,2000,78,3
1999,1999,1313,1
1998,1998,290,1
1997,1997,280,1
1997,1997,2064,1
1997,1997,683,1
1994,1994,571,1
1993,1993,1093,1
1992,1992,1301,1
1990,1990,1031,1
1990,1990,654,1
1990,1990,1058,1
1988,1988,1191,1
1987,1987,1085,1
1986,1986,901,1
1981,1981,567,1
1981,1981,1192,1
1981,1981,1656,1
1981,1981,69,1
1979,1979,81,1
1978,1978,1354,1
1977,1977,20,1
1977,1977,20,3
1976,1976,1968,1
1974,1974,1301,1
1974,1974,543,1
1974,1974,543,2
1974,1974,1301,2
1974,1974,1301,3
1974,1974,543,3
1970,1970,1971,1
1967,1967,1968,1
1964,1964,424,1
1962,1962,711,1
1961,1961,263,1
1961,1961,115,1
1958,1958,948,1
1956,1956,538,1
1953,1953,1412,1
1950,1950,226,1
1950,1950,1301,1
1948,1948,158,1
1946,1946,994,1
1943,1943,924,1
1943,1943,1623,1
1942,1942,1247,1
1941,1941,935,1
1941,1941,172,1
1940,1940,1350,1
1939,1939,928,1
1935,1935,1118,1
1933,1933,1154,1
1933,1933,44,1
1933,1933,361,1
1932,1932,1480,1
1932,1932,113,1
1931,1931,1319,1
1930,1930,757,1
1924,1924,796,1
1922,1922,902,1
1919,1919,117,1
1918,1918,711,1
1917,1917,1407,1
1915,1915,465,1
1915,1915,138,1
1915,1915,44,1
1914,1914,981,1
1910,1910,1911,1
1909,1909,841,1
1907,1907,1031,1
1906,1906,571,1
1901,1901,1472,1
1899,1899,756,1
1898,1898,1362,1
1897,1897,66,1
1895,1895,100,1
1895,1895,1222,1
1893,1893,386,1
1891,1891,676,1
1890,1890,451,1
1889,1889,194,1
1888,1888,1665,1
1885,1885,683,1
1885,1885,676,1
1885,1885,2138,1
1884,1884,53,1
1883,1883,93,1
1882,1882,1256,1
1881,1881,580,1
1879,1879,167,1
1879,1879,78,1
1879,1879,1018,1
1879,1879,2052,1
1879,1879,20,1
1879,1879,51,2
1879,1879,28,2
1879,1879,78,2
1879,1879,2326,2
1879,1879,51,3
1879,1879,2326,3
1879,1879,28,3
1879,1879,78,3
1874,1874,924,1
1870,1870,1605,1
1870,1870,1829,1
1870,1870,44,1
1868,1868,172,1
1868,1868,66,1
1864,1864,1142,1
1864,1864,1533,1
1864,1864,31,1
1864,1864,20,1
1864,1864,108,1
1862,1862,1468,1
1861,1861,1265,1
1860,1860,154,1
1857,1857,1761,1
1856,1856,161,1
1848,1848,777,1
1848,1848,96,1
1848,1848,20,1
1848,1848,1539,1
1846,1846,281,1
1842,1842,761,1
1840,1840,1841,1
1839,1839,1799,1
1838,1838,669,1
1834,1834,138,1
1834,1834,465,1
1832,1832,324,1
1830,1830,1831,1
1826,1826,172,1
1825,1825,1206,1
1824,1824,20,1
1824,1824,1191,1
1824,1824,392,1
1821,1821,1468,1
1816,1816,1817,1
1816,1816,614,1
1816,1816,614,2
1816,1816,1817,2
1816,1816,614,3
1816,1816,1817,3
1816,1816,614,4
1816,1816,1817,4
1813,1813,1062,1
1813,1813,1242,1
1809,1809,1553,1
1807,1807,1808,1
1806,1806,1098,1
1802,1802,224,1
1802,1802,949,1
1801,1801,468,1
1801,1801,69,1
1801,1801,295,1
1801,1801,1192,1
1797,1797,134,1
1795,1795,1265,1
1792,1792,1071,1
1791,1791,179,1
1785,1785,1786,1
1784,1784,132,1
1783,1783,424,1
1783,1783,754,1
1780,1780,735,1
1780,1780,2287,1
1778,1778,902,1
1776,1776,1777,1
1776,1776,20,1
1773,1773,387,1
1772,1772,715,1
1771,1771,1176,1
1769,1769,1403,1
1769,1769,386,1
1769,1769,683,1
1766,1766,1577,1
1765,1765,1146,1
1764,1764,1764,1
1764,1,1764,1
1764,1764,1427,1
1763,1763,41,1
1763,1763,20,1
1763,1763,282,1
1760,1760,1761,1
1757,1757,1758,1
1757,1757,668,1
1757,1757,44,1
1755,1755,555,1
1755,1755,949,1
1752,1752,160,1
1749,1749,553,1
1748,1748,697,1
1748,1748,1724,1
1748,1748,44,1
1743,1743,13,1
1741,1741,20,1
1741,1741,161,1
1741,1741,1412,1
1741,1741,1633,1
1741,1741,2055,1
1741,1741,1149,1
1739,1739,35,1
1735,1735,887,1
1731,1731,1467,1
1726,1726,44,1
1726,1726,2228,1
1726,1726,2258,1
1722,1722,1461,1
1722,1722,434,1
1722,1722,985,1
1722,1722,486,1
1722,1722,486,4
1722,1722,256,4
1722,1722,486,5
1722,1722,256,5
1722,1722,486,12
1722,1722,256,12
1721,1721,1282,1
1714,1714,466,1
1714,1714,653,1
1711,1711,108,1
1710,1710,546,1
1708,1708,895,1
1708,1708,1411,1
1708,1708,1823,1
1707,1707,134,1
1707,1707,44,1
1707,1707,93,1
1705,1705,169,1
1703,1703,653,1
1698,1698,1699,1
1698,1698,689,1
1698,1698,65,1
1698,1698,244,1
1696,1696,1459,1
1696,1696,351,1
1696,1696,739,1
1696,1696,28,1
1690,1690,280,1
1687,1687,745,1
1685,1685,1139,1
1675,1675,90,1
1675,1675,295,1
1675,1675,1928,1
1674,1674,1332,1
1673,1673,1058,1
1673,1673,1031,1
1673,1673,654,1
1671,1671,1672,1
1668,1668,1669,1
1666,1666,1667,1
1666,1666,69,1
1666,1666,31,1
1666,1666,44,1
1666,1666,20,1
1666,1666,1538,1
1666,1666,2004,1
1666,1666,788,1
1666,1666,1665,1
1666,1666,90,1
1666,1666,108,1
1666,1666,2272,1
1664,1664,1665,1
1662,1662,1093,1
1661,1661,41,1
1660,1660,1240,1
1658,1658,471,1
1653,1653,1085,1
1652,1652,490,1
1651,1651,1553,1
1650,1650,856,1
1649,1649,1124,1
1648,1648,167,1
1647,1647,6,1
1645,1645,1646,1
1644,1644,1396,1
1642,1642,7,1
1642,1642,1031,1
1642,1642,389,1
1638,1638,1639,1
1637,1637,835,1
1634,1634,639,1
1627,1627,1628,1
1625,1625,788,1
1624,1624,451,1
1618,1618,200,1
1613,1613,1340,1
1613,1613,316,1
1613,1613,505,1
1612,1612,1271,1
1611,1611,566,1
1609,1609,90,1
1609,1609,1283,1
1609,1609,26,1
1606,1606,370,1
1606,1606,255,1
1606,1606,51,1
1603,1603,1604,1
1603,1603,1670,1
1603,1603,1601,1
1603,1603,1071,1
1603,1603,90,1
1603,1603,2074,1
1603,1603,424,1
1602,1602,44,1
1602,1602,1643,1
1602,1602,1175,1
1600,1600,1601,1
1600,1600,44,1
1600,1600,2263,1
1596,1596,488,1
1594,1594,1595,1
1588,1588,1566,1
1586,1586,407,1
1584,1584,567,1
1584,1584,44,1
1584,1584,609,1
1582,1582,577,1
1582,1582,577,3
1579,1579,414,1
1576,1576,1577,1
1575,1575,400,1
1575,1575,44,1
1575,1575,112,1
1575,1575,1610,1
1574,1574,688,1
1571,1571,1572,1
1569,1569,132,1
1568,1568,365,1
1568,1568,69,1
1568,1568,2225,1
1568,1568,788,1
1565,1565,1566,1
1561,1561,587,1
1561,1561,1724,1
1561,1561,92,1
1561,1561,408,1
1561,1561,416,1
1561,1561,751,1
1561,1561,361,1
1560,1560,100,1
1560,1560,546,1
1558,1558,463,1
1556,1556,1557,1
1555,1555,1136,1
1554,1554,322,1
1552,1552,901,1
1549,1549,1193,1
1546,1546,96,1
1546,1546,96,3
1545,1545,153,1
1541,1541,1542,1
1541,1541,20,1
1541,1541,1563,1
1537,1537,1538,1
1535,1535,1536,1
1535,1535,1663,1
1535,1535,1819,1
1534,1534,513,1
1534,1534,100,1
1534,1534,1523,1
1534,1534,87,1
1532,1532,1533,1
1531,1531,90,1
1531,1531,1128,1
1531,1531,2312,1
1530,1530,587,1
1528,1528,637,1
1524,1524,1525,1
1524,1524,408,1
1524,1524,587,1
1524,1524,1027,1
1524,1524,1908,1
1524,1524,361,1
1522,1522,1523,1
1522,1522,100,1
1518,1518,100,1
1518,1518,104,1
1518,1518,1841,1
1515,1515,465,1
1515,1515,144,1
1512,1512,1513,1
1511,1511,100,1
1511,1511,290,1
1510,1510,1102,1
1507,1507,26,1
1507,1507,1256,1
1506,1506,828,1
1506,1506,177,1
1504,1504,1058,1
1502,1502,529,1
1500,1500,255,1
1499,1499,1355,1
1499,1499,1659,1
1496,1496,219,1
1496,1496,88,1
1496,1496,1218,1
1496,1496,1844,1
1495,1495,449,1
1495,1495,44,1
1495,1495,1388,1
1495,1495,1985,1
1495,1495,2087,1
1495,1495,2173,1
1495,1495,276,1
1493,1493,1494,1
1491,1491,1492,1
1489,1489,1075,1
1489,1489,1018,1
1481,1481,175,1
1479,1479,393,1
1479,1479,393,3
1475,1475,652,1
1471,1471,1467,1
1465,1465,1466,1
1465,1465,606,1
1465,1465,90,1
1465,1465,96,1
1460,1460,232,1
1460,1460,361,1
1460,1460,44,1
1457,1457,44,1
1457,1457,1811,1
1457,1457,1680,1
1455,1455,1456,1
1451,1451,408,1
1451,1451,479,1
1451,1451,587,1
1451,1451,1245,1
1451,1451,1246,1
1451,1451,1154,1
1448,1448,863,1
1448,1448,1734,1
1448,1448,425,1
1448,1448,200,1
1446,1446,694,1
1444,1444,210,1
1442,1442,715,1
1442,1442,361,1
1442,1442,200,1
1438,1438,1439,1
1438,1438,1811,1
1437,1437,593,1
1436,1436,578,1
1436,1436,578,3
1435,1435,1435,1
1435,1435,1368,1
1435,1,1435,1
1434,1434,1301,1
1434,1434,580,1
1434,1434,580,10
1434,1434,1301,10
1424,1424,1425,1
1424,1424,90,1
1424,1424,567,1
1424,1424,701,1
1424,1424,1462,1
1421,1421,410,1
1415,1415,641,1
1413,1413,96,1
1413,1413,349,1
1413,1413,44,1
1413,1413,2320,1
1410,1410,1411,1
1410,1410,316,1
1410,1410,895,1
1409,1409,361,1
1409,1409,1154,1
1409,1409,44,1
1408,1408,44,1
1408,1408,370,1
1408,1408,2185,1
1408,1408,479,1
1408,1408,1934,1
1405,1405,922,1
1404,1404,60,1
1404,1404,263,1
1402,1402,88,1
1402,1402,219,1
1397,1397,618,1
1397,1397,543,1
1397,1397,543,8
1397,1397,618,8
1397,1397,618,11
1397,1397,543,11
1395,1395,532,1
1395,1395,560,1
1395,1395,496,1
1395,1395,466,1
1394,1394,63,1
1393,1393,442,1
1391,1391,1392,1
1391,1391,44,1
1391,1391,994,1
1385,1385,307,1
1383,1383,90,1
1383,1383,547,1
1383,1383,31,1
1383,1383,44,1
1383,1383,1302,1
1383,1383,20,1
1383,1383,108,1
1379,1379,1093,1
1379,1379,948,1
1379,1379,20,1
1379,1379,200,1
1379,1379,841,1
1379,1379,386,1
1379,1379,425,1
1377,1377,1346,1
1375,1375,1295,1
1374,1374,706,1
1373,1373,215,1
1371,1371,1372,1
1365,1365,1366,1
1365,1365,28,1
1365,1365,20,1
1365,1365,1681,1
1365,1365,761,1
1363,1363,219,1
1363,1363,88,1
1363,1363,333,1
1363,1363,547,1
1357,1357,867,1
1356,1356,1136,1
1353,1353,17,1
1349,1349,648,1
1348,1348,87,1
1347,1347,780,1
1345,1345,1346,1
1337,1337,1338,1
1337,1337,811,1
1337,1337,1701,1
1337,1337,1701,2
1337,1337,1338,2
1337,1337,811,2
1337,1337,1701,3
1337,1337,1338,3
1337,1337,811,3
1337,1337,811,4
1337,1337,1338,4
1337,1337,2353,4
1337,1337,811,8
1337,1337,1338,8
1336,1336,663,1
1335,1335,1243,1
1333,1333,1334,1
1331,1331,1331,1
1331,1331,567,1
1331,201,1331,1
1331,230,1331,1
1327,1327,468,1
1325,1325,874,1
1323,1323,1324,1
1321,1321,757,1
1315,1315,566,1
1314,1314,141,1
1314,1314,368,1
1314,1314,17,1
1314,1314,280,1
1314,1314,195,13
1314,1314,17,13
1308,1308,531,1
1308,1308,203,1
1308,1308,2,1
1306,1306,761,1
1306,1306,964,1
1306,1306,90,1
1303,1303,50,1
1294,1294,914,1
1293,1293,485,1
1292,1292,144,1
1287,1287,914,1
1285,1285,210,1
1281,1281,1282,1
1275,1275,524,1
1275,1275,889,1
1263,1263,1128,1
1261,1261,1225,1
1261,1261,1595,1
1261,1261,215,1
1261,1261,1222,1
1255,1255,1256,1
1254,1254,1075,1
1248,1248,1249,1
1244,1244,1245,1
1244,1244,479,1
1244,1244,88,1
1244,1244,219,1
1241,1241,400,1
1241,1241,400,3
1239,1239,361,1
1239,1239,177,1
1239,1239,44,1
1236,1236,113,1
1233,1233,1193,1
1232,1232,106,1
1227,1227,2,1
1227,1227,381,1
1227,1227,203,1
1227,1227,342,1
1227,1227,396,1
1227,1227,39,1
1227,1227,745,1
1227,1227,43,1
1220,1220,140,1
1220,1220,1815,1
1216,1216,1217,1
1216,1216,193,1
1214,1214,434,1
1212,1212,1154,1
1207,1207,1208,1
1205,1,1205,1
1205,1205,1205,1
1205,1205,459,1
1204,1204,44,1
1204,1204,1406,1
1204,1204,361,1
1204,1204,1844,1
1201,1201,1202,1
1201,1201,357,1
1201,1201,1230,1
1201,1201,44,1
1201,1201,214,1
1201,1201,895,1
1198,1198,1199,1
1195,1195,427,1
1194,1194,1020,1
1194,1194,1024,1
1194,1194,20,1
1194,1194,1523,1
1194,1194,821,1
1190,1190,1191,1
1190,1190,44,1
1190,1190,1729,1
1187,1187,1188,1
1187,1187,1188,2
1186,1186,44,1
1186,1186,410,1
1186,1186,11,1
1186,1186,1989,1
1186,1186,20,1
1186,1186,96,1
1185,1185,743,1
1181,1181,531,1
1179,1179,809,1
1174,1174,1175,1
1174,1174,20,1
1174,1174,1542,1
1174,1174,2158,1
1172,1172,1173,1
1170,1170,376,1
1170,1170,100,1
1167,1167,1168,1
1167,1167,1886,1
1165,1165,143,1
1165,1165,194,1
1165,1165,580,1
1165,1165,361,1
1165,1165,1359,1
1165,1165,194,11
1165,1165,143,11
1164,1164,2,1
1162,1162,1163,1
1162,1162,44,1
1162,1162,1417,1
1161,1161,859,1
1160,1160,747,1
1157,1157,219,1
1155,1155,531,1
1155,1155,203,1
1155,1155,532,1
1155,1155,20,1
1155,1155,583,1
1155,1155,138,1
1155,1155,361,1
1153,1153,1154,1
1153,1153,973,1
1150,1150,1151,1
1145,1145,1146,1
1144,1144,49,1
1143,1143,658,1
1141,1141,1142,1
1140,1140,504,1
1135,1135,410,1
1135,1135,1473,1
1135,1135,2084,1
1135,1135,11,1
1133,1133,44,1
1133,1133,1217,1
1133,1133,1019,1
1132,1132,757,1
1132,1132,1301,1
1132,1132,577,1
1132,1132,20,1
1132,1132,396,1
1132,1132,381,1
1132,1132,684,1
1132,1132,1301,10
1132,1132,577,10
1130,1130,205,1
1130,1130,100,1
1129,1129,596,1
1129,1129,20,1
1129,1129,2094,1
1129,1129,1176,1
1129,1129,185,1
1125,1125,44,1
1125,1125,44,3
1121,1121,1122,1
1121,1121,223,1
1121,1121,2267,1
1121,1121,20,1
1117,1117,1118,1
1113,1113,359,1
1112,1112,543,1
1112,1112,1272,1
1112,1112,523,1
1112,1112,1338,1
1112,1112,1075,1
1112,1112,2104,1
1112,1112,1338,2
1112,1112,2104,2
1112,1112,1075,2
1112,1112,543,2
1112,1112,1272,2
1112,1112,523,2
1112,1112,2104,3
1112,1112,1272,3
1112,1112,1075,3
1112,1112,523,3
1112,1112,543,3
1112,1112,1338,3
1110,1110,1111,1
1109,1109,704,1
1105,1105,761,1
1105,1105,100,1
1105,1105,513,1
1103,1103,11,1
1103,1103,410,1
1101,1101,1102,1
1100,1100,96,1
1100,1100,1253,1
1100,1100,1913,1
1099,1099,547,1
1099,1099,118,1
1099,1099,299,1
1099,1099,1231,1
1088,1088,376,1
1083,1083,200,1
1083,1083,182,1
1083,1083,1581,1
1083,1083,715,1
1077,1077,354,1
1077,1077,1104,1
1077,1077,88,1
1077,1077,44,1
1077,1077,219,1
1077,1077,90,1
1076,1076,577,1
1076,1076,100,1
1076,1076,20,1
1076,1076,577,2
1076,1076,364,10
1076,1076,1301,10
1076,1076,1324,10
1076,1076,577,10
1074,1074,1075,1
1074,1074,856,1
1074,1074,856,2
1074,1074,1075,2
1074,1074,1075,3
1074,1074,856,3
1070,1070,234,1
1069,1069,78,1
1069,1069,44,1
1069,1069,1680,1
1069,1069,90,1
1069,1069,1636,1
1069,1069,402,1
1069,1069,20,1
1067,1067,1068,1
1067,1067,928,1
1064,1064,1065,1
1063,1063,28,1
1063,1063,416,1
1063,1063,1798,1
1063,1063,263,1
1061,1061,1062,1
1061,1061,1242,1
1059,1059,541,1
1057,1057,1058,1
1055,1055,4,1
1050,1050,87,1
1049,1049,858,1
1049,1049,28,1
1049,1049,739,1
1049,1049,451,1
1047,1047,775,1
1047,1047,1085,1
1047,1047,704,1
1047,1047,175,1
1046,1046,775,1
1046,1046,326,1
1046,1046,432,1
1046,1046,1459,1
1046,1046,1051,1
1046,1046,504,1
1046,1046,49,1
1046,1046,638,1
1046,1046,2148,1
1046,1046,1387,1
1046,1046,312,1
1041,1041,69,1
1041,1041,100,1
1040,1040,639,1
1040,1040,100,1
1039,1039,78,1
1039,1039,157,1
1039,1039,1219,1
1039,1039,339,1
1039,1039,1018,1
1039,1039,641,1
1039,1039,1513,1
1039,1039,183,1
1039,1039,205,1
1037,1037,1038,1
1037,1037,1018,1
1037,1037,932,1
1037,1037,78,1
1034,1034,811,1
1034,1034,1338,1
1034,1034,811,2
1034,1034,1338,2
1034,1034,1338,3
1034,1034,811,3
1025,1025,471,1
1022,1022,1023,1
1021,1021,258,1
1021,1021,39,1
1021,1021,756,1
1016,1016,272,1
1016,1016,706,1
1016,1016,778,1
1016,1016,245,1
1011,1011,1012,1
1008,1008,91,1
1002,1002,359,1
1002,1002,589,1
1000,1000,1001,1
999,999,88,1
997,997,39,1
997,997,745,1
997,997,380,1
997,997,43,1
995,995,996,1
995,995,1339,1
991,991,992,1
986,986,987,1
986,986,165,1
986,986,895,1
984,984,171,1
976,976,359,1
972,972,973,1
972,972,1154,1
971,971,39,1
971,971,355,1
971,971,756,1
971,971,281,1
971,971,258,1
970,231,970,1
970,970,970,1
970,970,739,1
967,967,908,1
967,967,967,1
967,1,967,1
965,965,44,1
965,965,1072,1
965,965,7,1
965,965,1203,1
965,965,1166,1
965,965,490,1
963,963,51,1
963,963,404,4
963,963,51,4
963,963,404,13
963,963,51,13
963,963,35,14
963,963,51,14
961,961,962,1
959,959,143,1
959,959,496,1
956,956,20,1
956,956,1521,1
956,956,1737,1
956,956,1753,1
953,953,672,1
952,952,473,1
946,946,100,1
946,946,263,1
946,946,674,1
943,943,841,1
942,942,277,1
942,942,631,1
942,942,934,1
940,940,100,1
940,940,637,1
939,939,100,1
939,939,974,1
936,936,572,1
931,931,932,1
929,929,930,1
929,929,20,1
929,929,1213,1
926,926,149,1
925,925,475,1
923,923,923,1
923,923,26,1
917,917,683,1
917,917,1476,1
917,917,189,1
917,917,683,2
917,917,189,5
917,917,683,5
917,917,189,12
917,917,683,12
916,916,161,1
916,916,1343,1
916,916,895,1
906,906,907,1
906,906,110,1
906,906,1277,1
906,906,265,1
906,906,1636,1
906,906,1151,1
906,906,20,1
906,906,1682,1
906,906,215,1
906,906,265,13
906,906,347,13
905,905,905,1
905,905,861,1
905,1564,905,1
905,1299,905,1
905,905,1973,1
900,900,901,1
900,900,1623,1
899,899,102,1
899,899,15,1
899,899,1761,1
899,899,945,1
899,899,20,1
898,898,20,1
898,898,282,1
898,898,1819,1
896,896,463,1
894,894,895,1
888,888,436,1
886,886,887,1
883,883,884,1
881,881,195,1
881,881,1184,1
881,881,501,1
881,881,286,1
881,881,118,1
881,881,648,1
879,879,880,1
876,876,877,1
870,870,871,1
868,868,123,1
868,868,20,1
868,868,75,1
866,866,867,1
866,866,100,1
862,862,255,1
862,862,6,1
862,862,631,1
862,862,424,1
862,862,934,1
862,862,288,1
862,862,277,1
855,855,856,1
855,855,1272,1
855,855,856,2
855,855,1272,2
855,855,1272,3
855,855,856,3
855,855,1272,6
855,855,856,6
855,855,1272,7
855,855,856,7
850,850,67,1
850,850,1417,1
850,850,407,1
850,850,437,1
850,850,20,1
849,849,408,1
849,849,1006,1
849,849,177,1
849,849,587,1
848,848,20,1
848,848,1542,1
848,848,2213,1
844,844,92,1
843,843,684,1
842,842,612,1
842,842,100,1
842,842,339,1
840,840,400,1
840,840,400,2
840,840,400,3
837,837,217,1
837,837,100,1
837,837,513,1
836,836,316,1
836,836,1094,1
836,836,1320,1
836,836,161,1
836,836,1343,1
834,834,835,1
832,832,833,1
829,829,513,1
829,829,387,1
829,829,100,1
826,826,100,1
826,826,183,1
823,823,659,1
823,823,869,1
823,823,44,1
819,819,820,1
819,819,1339,1
819,819,44,1
818,818,44,1
818,818,889,1
818,818,935,1
818,818,223,1
818,818,54,1
818,818,524,1
817,817,354,1
817,817,44,1
817,817,88,1
817,817,1751,1
817,817,219,1
817,817,90,1
812,812,813,1
812,812,7,1
812,812,571,1
810,810,811,1
810,810,1850,1
810,810,1279,1
810,810,2172,1
810,810,2172,8
810,810,811,8
810,810,1279,8
808,808,809,1
808,808,223,1
807,807,13,1
807,807,1319,1
807,807,7,1
807,807,316,1
805,805,44,1
805,805,1045,1
805,805,305,1
805,805,1738,1
805,805,268,1
805,805,1756,1
805,805,158,1
802,802,434,1
802,802,100,1
802,802,1450,1
802,802,20,1
802,802,104,1
802,802,211,1
800,800,801,1
795,795,796,1
795,795,100,1
794,794,28,1
794,794,200,1
794,794,91,1
794,794,1677,1
794,794,1366,1
794,794,386,1
791,791,20,1
791,791,44,1
791,791,1251,1
791,791,1328,1
791,791,28,1
787,787,788,1
787,787,884,1
787,787,69,1
787,787,955,1
787,787,7,1
787,787,316,1
787,787,20,1
787,787,165,1
787,787,731,1
783,783,286,1
781,781,437,1
774,774,39,1
774,774,355,1
774,774,745,1
774,774,43,1
774,774,756,1
771,771,396,1
771,771,496,1
771,771,897,1
771,771,563,1
771,771,701,1
771,771,392,1
771,771,259,1
771,771,754,1
771,771,1107,1
771,771,407,1
771,771,1271,1
771,771,47,1
771,771,437,1
771,771,73,1
771,771,600,1
771,771,1631,1
771,771,342,1
771,771,825,1
771,771,1728,1
771,771,381,1
771,771,1858,1
771,771,214,1
771,771,619,1
771,771,39,1
771,771,43,1
771,771,745,1
771,771,128,1
771,771,424,1
771,771,1208,1
771,771,372,1
771,771,694,1
769,769,596,1
767,767,768,1
767,767,523,1
767,767,811,1
767,767,138,1
767,767,912,1
766,766,295,1
766,766,659,1
766,766,316,1
762,762,763,1
758,758,759,1
758,758,1591,1
740,740,427,1
737,737,688,1
737,737,1581,1
732,732,733,1
732,732,28,1
732,732,182,1
732,732,51,1
730,730,731,1
728,728,729,1
726,726,727,1
724,724,44,1
724,724,1027,1
724,724,451,1
723,723,157,1
722,722,504,1
720,720,721,1
716,716,20,1
716,716,852,1
716,716,44,1
716,716,56,1
710,710,711,1
710,710,161,1
708,708,709,1
708,708,712,1
708,708,386,1
708,708,91,1
708,708,28,1
708,708,200,1
705,705,359,1
705,705,739,1
703,703,704,1
703,703,745,1
703,703,43,1
703,703,20,1
703,703,978,1
703,703,2151,1
703,703,290,1
699,699,547,1
696,696,81,1
693,693,70,1
687,687,688,1
687,687,715,1
687,687,594,1
687,687,1376,1
687,687,1384,1
687,687,990,1
687,687,200,1
687,687,1551,1
687,687,425,1
687,687,641,1
687,687,1550,1
687,687,157,1
687,687,360,1
687,687,1581,1
687,687,250,1
687,687,2306,1
678,678,679,1
678,678,1015,1
678,678,1030,1
677,677,171,1
677,677,217,1
677,677,100,1
675,675,24,1
671,671,672,1
662,662,663,1
661,661,90,1
661,661,268,1
661,661,644,1
661,661,26,1
660,660,350,1
657,657,658,1
657,657,933,1
657,657,1787,1
657,657,44,1
655,655,656,1
655,655,112,1
655,655,1483,1
655,655,44,1
651,651,652,1
650,650,187,1
650,650,100,1
649,1,649,1
649,649,649,1
649,649,1431,1
645,645,372,1
645,645,100,1
640,640,641,1
633,633,386,1
633,633,1251,1
633,633,28,1
633,633,200,1
633,633,91,1
633,633,1328,1
632,632,410,1
626,626,493,1
623,623,624,1
623,623,51,1
623,623,20,1
623,623,28,1
623,623,268,1
620,620,621,1
617,617,618,1
617,617,1744,1
613,613,614,1
597,597,598,1
597,597,1219,1
597,597,598,6
597,597,1219,6
592,592,593,1
590,590,278,1
590,590,1166,1
590,590,20,1
590,590,256,1
590,590,407,1
590,590,719,1
590,590,653,1
590,590,358,1
590,590,393,1
590,590,325,1
590,590,1203,1
589,588,589,1
589,589,589,1
589,589,739,1
589,114,589,1
589,1002,589,1
589,231,589,1
589,589,304,1
588,588,589,1
588,588,751,1
586,586,587,1
586,586,20,1
586,586,408,1
586,586,219,1
586,586,96,1
586,586,102,1
586,586,811,1
586,586,1362,1
586,586,1218,1
586,586,232,1
586,586,15,1
586,586,60,1
586,586,1844,1
586,586,88,1
586,586,1925,1
586,586,31,1
586,586,108,1
586,586,115,1
586,586,305,1
586,586,863,1
586,586,683,1
586,586,485,1
586,586,578,1
586,586,1756,1
586,586,359,1
584,584,339,1
584,584,100,1
574,574,338,1
574,574,20,1
574,574,1302,1
574,574,31,1
574,574,44,1
574,574,90,1
574,574,611,1
574,574,108,1
573,573,381,1
569,569,102,1
564,564,565,1
564,564,223,1
564,564,44,1
561,561,78,1
561,561,599,1
561,561,841,1
561,561,1018,1
561,561,106,1
561,561,796,1
561,561,571,1
561,561,1439,1
561,561,1219,1
561,561,222,1
561,561,702,1
561,561,612,1
561,561,580,1
561,561,1209,1
561,561,290,1
561,561,801,1
561,561,1334,1
558,558,316,1
558,558,1351,1
558,558,1387,1
556,556,410,1
556,556,11,1
556,556,20,1
556,556,54,1
556,556,1610,1
556,556,685,1
552,552,553,1
552,552,100,1
551,551,305,1
551,551,44,1
551,551,1108,1
551,551,158,1
551,551,1127,1
549,549,441,1
549,549,1026,1
549,549,1399,1
549,549,1770,1
548,548,326,1
548,548,20,1
548,548,100,1
548,548,513,1
548,548,1291,1
548,548,748,1
548,548,195,1
548,548,1841,1
548,548,393,1
548,548,326,2
548,548,326,3
548,548,17,13
548,548,326,13
539,539,540,1
539,539,44,1
539,539,2159,1
536,536,75,1
536,536,100,1
533,533,393,1
533,533,1472,1
533,533,538,1
533,533,872,12
533,533,393,12
522,522,523,1
522,522,1338,1
522,522,543,1
522,522,2104,1
522,522,543,2
522,522,2104,2
522,522,1338,2
522,522,523,2
522,522,2104,3
522,522,523,3
522,522,1338,3
522,522,543,3
522,522,1338,4
522,522,978,4
522,522,2104,6
522,522,1272,6
522,522,523,6
522,522,1338,6
522,522,543,6
518,518,519,1
518,518,286,1
518,518,625,1
518,518,427,1
518,518,975,1
518,518,885,1
518,518,1180,1
518,518,1276,1
518,518,515,1
518,518,690,1
518,518,151,1
518,518,1872,1
518,518,921,1
518,518,1781,1
518,518,1975,1
516,516,517,1
514,514,306,1
511,511,512,1
511,511,496,1
511,511,653,1
511,511,437,1
508,508,470,1
508,508,424,1
508,508,555,1
508,508,20,1
508,508,44,1
508,508,102,1
508,508,15,1
503,503,161,1
503,503,393,1
503,503,907,1
503,503,1429,1
503,503,1767,1
503,503,1786,1
503,503,195,1
503,503,347,1
503,503,2350,4
503,503,393,4
503,503,441,4
503,503,486,5
503,503,2350,5
503,503,393,5
503,503,441,5
503,503,486,12
503,503,2350,12
503,503,393,12
503,503,441,12
500,500,28,1
498,498,499,1
498,498,242,1
498,498,44,1
492,492,493,1
489,489,108,1
487,487,488,1
487,487,1211,1
487,487,1640,1
487,487,20,1
487,487,1717,1
482,482,483,1
482,482,44,1
482,482,187,1
482,482,1036,1
482,482,2097,1
482,482,1387,1
480,480,481,1
478,478,479,1
476,476,477,1
476,476,108,1
476,476,31,1
476,476,44,1
476,476,56,1
476,476,20,1
476,476,90,1
474,474,466,1
474,474,496,1
472,472,473,1
472,472,1235,1
472,472,448,1
472,472,90,1
472,472,171,1
472,472,949,1
469,469,470,1
469,469,108,1
469,469,20,1
469,469,44,1
469,469,90,1
469,469,825,1
469,469,701,1
469,469,407,1
469,469,31,1
469,469,437,1
469,469,123,1
467,467,468,1
464,464,465,1
464,464,13,1
464,464,63,1
464,464,138,1
464,464,513,1
462,462,463,1
462,462,20,1
462,462,165,1
462,462,83,1
460,460,461,1
460,460,416,1
460,460,312,1
460,460,28,1
460,460,1218,1
460,460,1454,1
460,460,1789,1
460,460,1982,1
460,460,1245,1
460,460,1362,1
456,456,457,1
456,456,947,1
456,456,20,1
456,456,386,1
456,456,612,1
456,456,782,1
456,456,745,1
456,456,475,1
456,456,43,1
453,453,44,1
453,453,392,1
453,453,449,1
453,453,217,1
453,453,44,2
453,453,465,2
453,453,2329,2
453,453,44,3
453,453,465,3
453,453,2329,3
452,452,277,1
452,452,486,1
452,452,404,1
452,452,631,1
452,452,402,1
452,452,288,1
452,452,424,1
452,452,934,1
452,452,100,1
452,452,20,1
452,452,144,1
452,452,255,1
452,452,6,1
452,452,20,2
452,452,404,2
452,452,20,3
452,452,404,3
452,452,404,4
452,452,400,4
452,452,404,12
452,452,400,12
445,445,260,1
443,443,433,1
443,443,455,1
443,443,19,1
443,443,44,1
443,443,1072,1
443,443,702,1
443,443,126,1
443,443,1598,1
443,443,1211,1
443,443,538,1
443,443,981,1
443,443,391,1
443,443,2025,1
443,443,361,1
443,443,1014,1
443,443,2202,1
443,443,809,1
443,443,612,1
443,443,1487,1
435,435,436,1
431,431,432,1
431,431,211,1
431,431,22,1
431,431,171,1
431,431,100,1
431,431,49,1
431,431,234,1
431,431,33,1
431,431,217,1
429,429,430,1
429,429,100,1
426,426,427,1
426,426,734,1
426,426,118,1
426,426,634,1
423,423,424,1
423,423,934,1
423,423,277,1
423,423,6,1
423,423,631,1
422,422,88,1
422,422,485,1
422,422,211,1
422,422,20,1
422,422,219,1
422,422,811,1
422,422,1318,1
422,422,775,1
422,422,683,1
422,422,130,1
422,422,504,1
422,422,17,1
422,422,578,1
420,420,39,1
420,420,281,1
420,420,756,1
418,418,100,1
418,418,46,1
418,418,215,1
418,418,93,1
418,418,165,1
418,418,211,1
418,418,33,1
418,418,49,1
418,418,22,1
418,418,218,1
418,418,171,1
418,418,432,1
418,418,234,1
418,418,20,1
418,418,513,1
418,418,368,1
418,418,217,1
418,418,24,1
418,418,493,1
418,418,504,1
418,418,1225,1
415,415,354,1
415,415,501,1
415,415,44,1
415,415,2101,1
413,413,414,1
411,411,412,1
411,411,659,1
409,409,410,1
409,409,20,1
409,409,11,1
409,409,1610,1
409,409,2051,1
405,405,20,1
405,405,101,1
405,405,698,1
405,405,782,1
405,405,622,1
405,405,532,1
405,405,203,1
405,405,284,1
405,405,1087,1
405,405,289,1
405,405,2,1
405,405,1138,1
405,405,1035,1
405,405,1182,1
405,405,1310,1
405,405,358,1
405,405,1115,1
405,405,1464,1
405,405,39,1
405,405,475,1
405,405,302,1
405,405,581,1
405,405,1745,1
405,405,1317,1
405,405,664,1
405,405,380,1
405,405,1081,1
405,405,509,1
405,405,2007,1
398,398,399,1
397,397,165,1
397,397,332,1
397,397,378,1
395,395,396,1
395,395,258,1
395,395,525,1
395,395,571,1
395,395,20,1
395,395,414,1
395,395,493,1
395,395,106,1
395,395,813,1
395,395,1102,1
395,395,1332,1
395,395,1443,1
395,395,570,1
395,395,496,1
395,395,126,1
395,395,554,1
395,395,618,1
395,395,1482,1
395,395,504,1
395,395,756,1
395,395,1854,1
395,395,381,1
395,395,1193,1
395,395,1540,1
395,395,775,1
395,395,430,1
390,390,278,1
388,388,342,1
388,388,756,1
388,388,39,1
384,384,90,1
384,384,354,1
384,384,88,1
384,384,44,1
384,384,1855,1
384,384,219,1
383,383,256,1
383,383,138,1
383,383,465,1
383,383,144,1
382,382,20,1
382,382,644,1
382,382,1283,1
382,382,108,1
382,382,31,1
379,379,380,1
379,379,381,1
379,379,954,1
379,379,355,1
379,379,396,1
379,379,281,1
379,379,175,1
379,379,43,1
379,379,39,1
379,379,399,1
374,374,375,1
363,363,364,1
363,363,100,1
363,363,364,2
345,345,346,1
344,344,100,1
344,344,91,1
344,344,20,1
344,344,7,1
344,344,1206,1
344,344,13,1
344,344,200,1
344,344,386,1
344,344,316,1
344,344,28,1
344,344,718,1
344,344,17,1
343,343,20,1
343,343,402,1
343,343,393,1
343,343,256,1
343,343,404,1
343,343,288,1
343,343,531,1
343,343,1098,1
343,343,51,1
343,343,361,1
343,343,977,1
343,343,631,1
343,343,17,1
343,343,169,1
343,343,745,1
343,343,265,1
343,343,161,1
343,343,277,1
343,343,83,1
343,343,1494,1
343,343,110,1
343,343,6,1
343,343,255,1
343,343,424,1
343,343,381,1
343,343,318,1
343,343,203,1
343,343,43,1
343,343,934,1
343,343,396,1
343,343,475,1
343,343,1693,1
343,343,281,1
343,343,2159,1
343,343,355,1
343,343,782,1
343,343,985,1
343,343,577,2
343,343,393,2
343,343,1301,2
343,343,256,2
343,343,20,2
343,343,543,2
343,343,364,2
343,343,393,3
343,343,256,3
343,343,364,3
343,343,543,3
343,343,20,3
343,343,1301,3
343,343,577,3
343,343,393,4
343,343,256,4
343,343,393,12
343,343,256,12
343,343,1098,13
343,343,985,13
343,343,393,13
341,341,342,1
341,341,39,1
341,341,380,1
340,340,74,1
340,340,91,1
340,340,43,1
340,340,342,1
340,340,396,1
340,340,756,1
340,340,381,1
340,340,386,1
340,340,78,1
340,340,39,1
340,340,258,1
340,340,256,1
340,340,745,1
340,340,281,1
340,340,355,1
340,340,393,1
340,340,20,1
340,340,20,2
340,340,256,2
340,340,91,2
340,340,393,2
340,340,74,2
340,340,20,3
340,340,256,3
340,340,91,3
340,340,393,3
340,340,74,3
335,335,336,1
335,335,438,1
335,335,513,1
335,335,54,1
335,335,20,1
335,335,44,1
335,335,125,1
330,330,20,1
330,330,2,1
330,330,521,1
330,330,529,1
330,330,755,1
330,330,827,1
330,330,119,1
330,330,838,1
330,330,968,1
330,330,1173,1
330,330,1223,1
330,330,325,1
330,330,1237,1
330,330,639,1
330,330,285,1
330,330,1131,1
330,330,1367,1
330,330,1430,1
330,330,1086,1
330,330,1081,1
330,330,1488,1
330,330,286,1
330,330,1593,1
330,330,394,1
330,330,804,1
330,330,527,1
330,330,433,1
330,330,1199,1
330,330,530,1
330,330,118,1
330,330,904,1
330,330,1014,1
330,330,509,1
330,330,1865,1
330,330,150,1
330,330,427,1
330,330,698,1
330,330,1617,1
330,330,2048,1
330,330,190,1
330,330,1692,1
330,330,1684,1
330,330,1951,1
330,330,314,1
330,330,485,1
330,330,362,1
330,330,1474,1
330,330,1877,1
330,330,756,1
330,330,1745,1
330,330,1352,1
330,330,19,1
330,330,1704,1
330,330,258,1
328,328,125,1
327,327,20,1
327,327,78,1
327,327,1137,1
327,327,1012,1
327,327,44,1
323,323,324,1
323,323,219,1
323,323,416,1
323,323,449,1
323,323,784,1
323,323,162,1
323,323,88,1
323,323,785,1
323,323,54,1
323,323,228,1
323,323,776,1
323,323,828,1
323,323,276,1
323,323,1422,1
323,323,712,1
323,323,1386,1
323,323,1123,1
323,323,1614,1
323,323,163,1
323,323,915,1
323,323,1724,1
323,323,634,1
323,323,1960,1
323,323,966,1
323,323,927,1
323,323,542,1
323,323,760,1
320,320,321,1
317,317,318,1
317,317,20,1
317,317,587,1
317,317,410,1
317,317,958,1
317,317,408,1
317,317,211,1
317,317,1693,1
317,317,11,1
317,317,1318,1
315,315,316,1
315,315,1027,1
315,315,2011,1
313,313,265,1
313,313,110,1
313,313,863,1
313,313,945,1
313,313,977,1
313,313,985,1
313,313,554,1
313,313,20,1
313,313,1124,1
313,313,58,1
313,313,217,1
313,313,368,1
313,313,1234,1
313,313,1291,1
313,313,1342,1
313,313,100,1
313,313,211,1
313,313,1450,1
313,313,165,1
313,313,1553,1
313,313,486,1
313,313,22,1
313,313,1461,1
313,313,104,1
313,313,1572,1
313,313,1729,1
313,313,93,1
313,313,1746,1
313,313,46,1
313,313,347,1
313,313,1823,1
313,313,1715,1
313,313,218,1
313,313,215,1
313,313,434,1
313,313,955,1
313,313,606,1
313,313,553,1
313,313,1573,1
313,313,2144,1
313,313,1767,1
313,313,1380,1
313,313,543,1
313,313,1628,1
313,313,2008,1
313,313,1636,1
313,313,2246,1
313,313,907,1
313,313,504,1
313,313,387,1
313,313,1051,1
313,313,1447,1
313,313,265,2
313,313,20,2
313,313,20,3
313,313,265,3
311,311,312,1
311,311,28,1
311,311,1982,1
311,311,1218,1
309,309,211,1
309,309,100,1
309,309,217,1
309,309,513,1
309,309,171,1
309,309,22,1
309,309,234,1
309,309,49,1
309,309,33,1
303,303,218,1
303,303,33,1
303,303,46,1
303,303,100,1
303,303,49,1
303,303,211,1
303,303,165,1
303,303,20,1
303,303,22,1
303,303,432,1
303,303,171,1
303,303,217,1
303,303,513,1
303,303,234,1
303,303,93,1
301,301,302,1
301,301,360,1
298,298,299,1
298,298,451,1
298,298,555,1
298,298,858,1
298,298,118,1
296,296,297,1
296,296,797,1
296,296,490,1
296,296,944,1
296,296,44,1
296,296,957,1
296,296,419,1
294,294,295,1
294,294,524,1
294,294,316,1
294,294,889,1
294,294,815,1
294,294,66,1
294,294,123,1
287,287,288,1
287,287,631,1
287,287,277,1
287,287,424,1
287,287,934,1
287,287,6,1
287,287,100,1
283,283,284,1
283,283,308,1
283,283,378,1
283,283,515,1
283,283,20,1
283,283,604,1
283,283,738,1
283,283,532,1
283,283,921,1
283,283,998,1
283,283,681,1
283,283,960,1
283,283,625,1
283,283,1360,1
283,283,892,1
283,283,331,1
283,283,1597,1
283,283,1382,1
283,283,181,1
283,283,713,1
283,283,581,1
283,283,1676,1
283,283,1781,1
283,283,1828,1
283,283,276,1
283,283,918,1
283,283,151,1
283,283,123,1
283,283,519,1
283,283,975,1
283,283,1975,1
283,283,1180,1
283,283,690,1
283,283,353,1
283,283,885,1
279,279,100,1
279,279,860,1
279,279,41,1
279,279,7,1
279,279,874,1
279,279,428,1
279,279,354,1
279,279,353,1
279,279,491,1
279,279,112,1
279,279,1344,1
279,279,608,1
279,279,629,1
279,279,1467,1
279,279,895,1
279,279,346,1
279,279,914,1
279,279,128,1
279,279,1513,1
279,279,806,1
279,279,652,1
275,275,100,1
275,275,648,1
270,270,271,1
267,267,90,1
267,267,125,1
267,267,160,1
267,267,20,1
267,267,90,2
267,267,90,3
267,267,125,13
267,267,90,13
262,262,263,1
262,262,100,1
262,262,747,1
262,262,785,1
262,262,974,1
262,262,7,1
262,262,628,1
262,262,1128,1
262,262,4,1
262,262,1215,1
262,262,354,1
262,262,1183,1
262,262,361,1
262,262,969,1
262,262,391,1
262,262,80,1
254,254,255,1
254,254,402,1
254,254,631,1
254,254,277,1
254,254,513,1
254,254,6,1
254,254,424,1
254,254,934,1
254,254,288,1
254,254,20,2
254,254,402,2
254,254,402,3
254,254,20,3
252,252,100,1
252,252,804,1
249,249,250,1
243,243,244,1
241,241,242,1
241,241,428,1
241,241,123,1
241,241,282,1
241,241,20,1
241,241,182,1
239,239,240,1
239,239,276,1
239,239,44,1
239,239,1425,1
235,235,130,1
233,233,234,1
233,233,217,1
233,233,100,1
233,233,171,1
231,231,232,1
231,231,601,1
231,231,878,1
231,231,219,1
231,231,970,1
231,231,88,1
231,231,1062,1
231,231,1242,1
231,231,1490,1
231,231,629,1
231,231,1605,1
231,231,635,1
231,231,1480,1
231,231,910,1
231,231,1224,1
231,231,792,1
231,231,760,1
231,231,1908,1
231,231,276,1
231,231,7,1
231,231,589,1
231,231,1525,1
230,230,90,1
230,230,331,1
230,230,497,1
230,230,636,1
230,230,421,1
230,230,276,1
230,230,268,1
230,230,1326,1
230,230,754,1
230,230,1331,1
230,230,26,1
230,230,1679,1
230,230,354,1
230,230,893,1
230,230,1127,1
230,230,1818,1
229,229,100,1
229,229,49,1
229,229,234,1
229,229,171,1
229,229,513,1
229,229,217,1
227,227,228,1
227,227,51,1
227,227,361,1
227,227,568,1
227,227,137,1
227,227,386,1
227,227,28,1
227,227,751,1
227,227,131,1
227,227,776,1
227,227,785,1
227,227,601,1
227,227,449,1
227,227,1006,1
227,227,1029,1
227,227,455,1
227,227,54,1
227,227,312,1
227,227,1341,1
227,227,630,1
227,227,1478,1
227,227,80,1
227,227,1484,1
227,227,182,1
227,227,92,1
227,227,115,1
227,227,60,1
227,227,20,1
227,227,966,1
227,227,263,1
227,227,1246,1
227,227,1730,1
227,227,1945,1
227,227,1218,1
227,227,1691,1
227,227,973,1
227,227,2030,1
227,227,35,1
227,227,747,1
227,227,1805,1
227,227,359,1
227,227,1620,1
227,227,51,2
227,227,393,2
227,227,402,2
227,227,28,2
227,227,51,3
227,227,393,3
227,227,28,3
227,227,402,3
225,225,226,1
221,221,222,1
221,221,100,1
220,220,194,1
220,220,496,1
216,216,217,1
216,216,100,1
216,216,171,1
216,216,22,1
216,216,49,1
216,216,234,1
216,216,513,1
212,212,213,1
212,212,44,1
212,212,54,1
212,212,329,1
212,212,26,1
212,212,245,1
212,212,361,1
212,212,223,1
212,212,1019,1
212,212,331,1
212,212,7,1
212,212,137,1
212,212,251,1
212,212,276,1
212,212,1903,1
212,212,193,1
212,212,701,1
212,212,1482,1
212,212,2159,1
212,212,412,1
212,212,2246,1
208,208,209,1
208,208,100,1
208,208,93,1
208,208,234,1
208,208,49,1
208,208,211,1
208,208,432,1
208,208,513,1
208,208,171,1
208,208,22,1
208,208,33,1
208,208,217,1
208,208,955,1
207,207,100,1
207,207,211,1
207,207,347,1
207,207,217,1
207,207,218,1
207,207,432,1
207,207,171,1
207,207,46,1
207,207,711,1
207,207,481,1
207,207,22,1
207,207,234,1
207,207,165,1
207,207,33,1
207,207,49,1
207,207,513,1
207,207,195,1
207,207,24,1
207,207,215,1
207,207,93,1
207,207,368,1
207,207,20,1
207,207,347,2
206,206,102,1
206,206,138,1
206,206,20,1
206,206,502,1
206,206,570,1
206,206,668,1
206,206,15,1
206,206,319,1
206,206,918,1
206,206,922,1
206,206,857,1
206,206,980,1
206,206,505,1
206,206,517,1
206,206,815,1
206,206,326,1
206,206,1221,1
206,206,1032,1
206,206,563,1
206,206,1508,1
206,206,31,1
206,206,1108,1
206,206,96,1
206,206,7,1
206,206,338,1
206,206,246,1
206,206,17,1
206,206,182,1
206,206,891,1
206,206,131,1
206,206,1107,1
206,206,504,1
206,206,694,1
206,206,242,1
206,206,495,1
206,206,1334,1
206,206,1836,1
206,206,775,1
206,206,1482,1
206,206,1786,1
206,206,219,1
206,206,295,1
206,206,88,1
206,206,108,1
206,206,1318,1
206,206,621,1
206,206,611,1
206,206,1085,1
206,206,880,1
206,206,619,1
206,206,1124,1
206,206,211,1
206,206,2262,1
206,206,2263,1
206,206,2155,1
206,206,302,1
206,206,789,1
206,206,102,2
206,206,2324,2
206,206,20,2
206,206,31,2
206,206,108,2
206,206,2328,2
206,206,15,2
206,206,15,3
206,206,2324,3
206,206,20,3
206,206,108,3
206,206,102,3
206,206,31,3
206,206,2328,3
204,204,205,1
202,202,203,1
202,202,380,1
202,202,39,1
202,202,531,1
201,201,90,1
201,201,125,1
201,201,232,1
201,201,20,1
201,201,578,1
201,201,96,1
201,201,686,1
201,201,213,1
201,201,831,1
201,201,137,1
201,201,182,1
201,201,276,1
201,201,964,1
201,201,354,1
201,201,1033,1
201,201,293,1
201,201,1098,1
201,201,1106,1
201,201,123,1
201,201,131,1
201,201,449,1
201,201,1192,1
201,201,69,1
201,201,784,1
201,201,570,1
201,201,542,1
201,201,272,1
201,201,607,1
201,201,228,1
201,201,263,1
201,201,483,1
201,201,1416,1
201,201,209,1
201,201,749,1
201,201,1331,1
201,201,1449,1
201,201,1453,1
201,201,245,1
201,201,1470,1
201,201,110,1
201,201,361,1
201,201,218,1
201,201,1608,1
201,201,1641,1
201,201,1689,1
201,201,1090,1
201,201,1691,1
201,201,87,1
201,201,1713,1
201,201,54,1
201,201,1019,1
201,201,721,1
201,201,751,1
201,201,295,1
201,201,46,1
201,201,1812,1
201,201,1124,1
201,201,24,1
201,201,572,1
201,201,1154,1
201,201,421,1
201,201,1923,1
201,201,88,1
201,201,712,1
201,201,927,1
201,201,211,1
201,201,1949,1
201,201,658,1
201,201,1006,1
201,201,1243,1
201,201,2005,1
201,201,2008,1
201,201,1296,1
201,201,1412,1
201,201,828,1
201,201,326,1
201,201,915,1
201,201,1307,1
201,201,1450,1
201,201,219,1
201,201,2107,1
201,201,242,1
201,201,80,1
201,201,162,1
201,201,1234,1
201,201,877,1
201,201,642,1
201,201,776,1
201,201,643,1
201,201,1149,1
201,201,359,1
201,201,165,1
201,201,2262,1
201,201,1123,1
201,201,1246,1
201,201,1815,1
201,201,1768,1
201,201,2314,1
199,199,200,1
199,199,351,1
199,199,425,1
199,199,444,1
199,199,20,1
199,199,531,1
199,199,538,1
199,199,194,1
199,199,475,1
199,199,820,1
199,199,653,1
199,199,1031,1
199,199,1189,1
199,199,278,1
199,199,1359,1
199,199,2,1
199,199,167,1
199,199,1683,1
199,199,1733,1
199,199,1744,1
199,199,1793,1
199,199,1926,1
199,199,361,1
199,199,580,1
199,199,466,1
199,199,529,1
199,199,1060,1
199,199,386,1
199,199,1173,1
199,199,165,1
199,199,1258,1
199,199,1199,1
199,199,143,1
199,199,321,1
199,199,841,1
199,199,281,1
199,199,302,1
199,199,1432,1
199,199,1591,1
199,199,521,1
199,199,1937,1
199,199,2293,1
199,199,1115,1
197,197,198,1
197,197,322,1
197,197,371,1
197,197,125,1
197,197,20,1
197,197,468,1
197,197,63,1
197,197,2160,1
196,196,20,1
196,196,56,1
196,196,1228,1
196,196,44,1
192,192,193,1
192,192,316,1
192,192,123,1
192,192,378,1
192,192,502,1
192,192,412,1
192,192,54,1
192,192,295,1
192,192,26,1
192,192,1027,1
188,188,189,1
188,188,1476,1
188,188,465,1
188,188,144,1
188,188,138,1
188,188,189,2
186,186,117,1
186,186,465,1
186,186,578,1
186,186,144,1
186,186,83,1
186,186,1032,1
186,186,20,1
186,186,138,1
186,186,255,1
186,186,752,1
186,186,683,1
186,186,100,1
186,186,20,2
186,186,578,2
186,186,1098,2
186,186,465,2
186,186,20,3
186,186,578,3
186,186,1098,3
186,186,465,3
184,184,44,1
184,184,19,1
184,184,182,1
184,184,484,1
184,184,297,1
184,184,276,1
184,184,559,1
184,184,567,1
184,184,54,1
184,184,56,1
184,184,449,1
184,184,719,1
184,184,764,1
184,184,245,1
184,184,419,1
184,184,228,1
184,184,361,1
184,184,892,1
184,184,960,1
184,184,457,1
184,184,242,1
184,184,348,1
184,184,131,1
184,184,214,1
184,184,295,1
184,184,797,1
184,184,1114,1
184,184,1126,1
184,184,26,1
184,184,1389,1
184,184,137,1
184,184,1014,1
184,184,735,1
184,184,785,1
184,184,873,1
184,184,269,1
184,184,701,1
184,184,1388,1
184,184,957,1
184,184,1691,1
184,184,682,1
184,184,193,1
184,184,1849,1
184,184,1851,1
184,184,1382,1
184,184,332,1
184,184,1066,1
184,184,1629,1
184,184,664,1
184,184,1894,1
184,184,2026,1
184,184,607,1
184,184,2105,1
184,184,308,1
184,184,98,1
184,184,357,1
184,184,1027,1
184,184,944,1
180,180,39,1
180,180,381,1
180,180,396,1
180,180,43,1
180,180,355,1
180,180,756,1
178,178,179,1
176,176,177,1
176,176,245,1
174,174,175,1
173,173,13,1
173,173,7,1
173,173,1119,1
173,173,316,1
170,170,171,1
170,170,165,1
170,170,100,1
170,170,49,1
170,170,234,1
170,170,33,1
170,170,22,1
170,170,93,1
170,170,217,1
170,170,211,1
170,170,432,1
170,170,513,1
168,168,169,1
166,166,167,1
164,164,43,1
164,164,355,1
164,164,39,1
164,164,258,1
164,164,756,1
164,164,281,1
164,164,342,1
159,159,160,1
156,156,157,1
155,155,28,1
155,155,115,1
155,155,54,1
155,155,60,1
155,155,969,1
155,155,7,1
155,155,263,1
155,155,359,1
155,155,607,1
155,155,593,1
155,155,1215,1
155,155,182,1
155,155,449,1
152,152,153,1
152,152,19,1
152,152,357,1
152,152,433,1
152,152,630,1
152,152,582,1
152,152,773,1
152,152,128,1
152,152,944,1
152,152,20,1
152,152,859,1
152,152,682,1
152,152,447,1
152,152,938,1
152,152,419,1
152,152,297,1
152,152,547,1
152,152,1635,1
152,152,616,1
152,152,600,1
152,152,1720,1
152,152,1747,1
152,152,191,1
152,152,853,1
152,152,797,1
152,152,619,1
152,152,1107,1
152,152,83,1
152,152,350,1
152,152,149,1
152,152,1017,1
152,152,112,1
152,152,1398,1
152,152,509,1
152,152,1963,1
152,152,957,1
152,152,378,1
152,152,7,1
152,152,742,1
152,152,1273,1
152,152,70,1
152,152,269,1
152,152,595,1
152,152,75,1
152,152,1433,1
148,148,149,1
148,148,138,1
148,148,44,1
148,148,1017,1
148,148,144,1
148,148,39,1
148,148,203,1
148,148,2329,2
148,148,44,2
148,148,144,2
148,148,144,3
148,148,2329,3
148,148,44,3
145,145,146,1
145,145,191,1
145,145,194,1
145,145,20,1
145,145,19,1
145,145,278,1
145,145,357,1
145,145,392,1
145,145,394,1
145,145,407,1
145,145,203,1
145,145,466,1
145,145,475,1
145,145,528,1
145,145,530,1
145,145,143,1
145,145,560,1
145,145,582,1
145,145,509,1
145,145,653,1
145,145,437,1
145,145,681,1
145,145,717,1
145,145,447,1
145,145,433,1
145,145,799,1
145,145,2,1
145,145,512,1
145,145,698,1
145,145,864,1
145,145,496,1
145,145,297,1
145,145,902,1
145,145,904,1
145,145,702,1
145,145,957,1
145,145,1013,1
145,145,1035,1
145,145,380,1
145,145,782,1
145,145,1073,1
145,145,1080,1
145,145,1131,1
145,145,1171,1
145,145,944,1
145,145,358,1
145,145,1264,1
145,145,1278,1
145,145,1166,1
145,145,1309,1
145,145,1352,1
145,145,797,1
145,145,1378,1
145,145,1388,1
145,145,1428,1
145,145,1474,1
145,145,938,1
145,145,1487,1
145,145,1273,1
145,145,622,1
145,145,1527,1
145,145,1548,1
145,145,1464,1
145,145,1567,1
145,145,1580,1
145,145,325,1
145,145,1593,1
145,145,1433,1
145,145,634,1
145,145,1692,1
145,145,39,1
145,145,664,1
145,145,535,1
145,145,242,1
145,145,1853,1
145,145,138,1
145,145,372,1
145,145,1877,1
145,145,67,1
145,145,1865,1
145,145,531,1
145,145,1237,1
145,145,119,1
145,145,47,1
145,145,494,1
145,145,968,1
145,145,101,1
145,145,532,1
145,145,2007,1
145,145,289,1
145,145,637,1
145,145,719,1
145,145,770,1
145,145,2048,1
145,145,577,1
145,145,1745,1
145,145,2242,1
145,145,534,1
145,145,543,1
145,145,2104,1
145,145,599,1
145,145,1701,1
145,145,743,1
145,145,2089,1
139,139,140,1
139,139,215,1
139,139,24,1
139,139,100,1
139,139,280,1
139,139,20,1
139,139,217,1
139,139,513,1
139,139,234,1
139,139,22,1
139,139,347,1
139,139,93,1
139,139,218,1
139,139,171,1
139,139,368,1
139,139,432,1
139,139,195,1
139,139,46,1
139,139,211,1
139,139,33,1
139,139,49,1
139,139,165,1
135,135,136,1
135,135,824,1
135,135,901,1
135,135,316,1
133,133,134,1
133,133,20,1
129,129,130,1
127,127,9,1
124,124,125,1
124,124,69,1
124,124,160,1
124,124,20,1
124,124,788,1
122,122,123,1
122,122,140,1
122,122,1304,1
122,122,414,1
121,121,20,1
121,121,144,1
121,121,63,1
121,121,237,1
121,121,179,1
121,121,458,1
121,121,490,1
121,121,33,1
121,121,761,1
121,121,618,1
121,121,138,1
121,121,804,1
121,121,104,1
121,121,6,1
121,121,821,1
121,121,757,1
121,121,872,1
121,121,432,1
121,121,1024,1
121,121,684,1
121,121,465,1
121,121,1090,1
121,121,1093,1
121,121,934,1
121,121,1178,1
121,121,169,1
121,121,263,1
121,121,1051,1
121,121,100,1
121,121,171,1
121,121,436,1
121,121,73,1
121,121,396,1
121,121,364,1
121,121,387,1
121,121,538,1
121,121,621,1
121,121,211,1
121,121,835,1
121,121,26,1
121,121,438,1
121,121,543,1
121,121,559,1
121,121,553,1
121,121,1197,1
121,121,255,1
121,121,711,1
121,121,165,1
121,121,288,1
121,121,189,1
121,121,7,1
121,121,361,1
121,121,1005,1
121,121,430,1
121,121,554,1
121,121,1320,1
121,121,46,1
121,121,277,1
121,121,1938,1
121,121,83,1
121,121,1494,1
121,121,381,1
121,121,471,1
121,121,1845,1
121,121,442,1
121,121,1572,1
121,121,1332,1
121,121,606,1
121,121,513,1
121,121,1553,1
121,121,401,1
121,121,376,1
121,121,13,1
121,121,1476,1
121,121,1523,1
121,121,1229,1
121,121,1733,1
121,121,20,2
121,121,872,2
121,121,683,2
121,121,189,2
121,121,1188,2
121,121,1188,3
121,121,189,3
121,121,683,3
121,121,20,3
121,121,872,3
120,120,112,1
116,116,117,1
116,116,13,1
116,116,100,1
116,116,513,1
116,116,683,1
116,116,138,1
116,116,63,1
116,116,189,1
114,114,115,1
114,114,185,1
114,114,263,1
114,114,547,1
114,114,28,1
114,114,673,1
114,114,739,1
114,114,7,1
114,114,359,1
114,114,760,1
114,114,1215,1
114,114,1231,1
114,114,593,1
114,114,427,1
114,114,589,1
114,114,232,1
114,114,602,1
114,114,969,1
114,114,60,1
114,114,304,1
114,114,713,1
114,114,811,1
114,114,354,1
114,114,80,1
114,114,324,1
114,114,575,1
114,114,113,1
111,111,78,1
111,111,505,1
111,111,811,1
111,111,1338,1
109,109,110,1
109,109,277,1
109,109,189,1
109,109,578,1
109,109,58,1
109,109,316,1
109,109,6,1
109,109,100,1
109,109,404,1
109,109,465,1
109,109,402,1
109,109,20,1
109,109,1342,1
109,109,144,1
109,109,255,1
109,109,138,1
109,109,288,1
109,109,424,1
109,109,631,1
109,109,934,1
109,109,110,2
109,109,20,2
109,109,110,3
109,109,20,3
105,105,106,1
105,105,100,1
103,103,104,1
103,103,513,1
103,103,100,1
103,103,1071,1
97,97,15,1
97,97,733,1
97,97,182,1
97,97,102,1
97,97,20,1
95,95,96,1
95,95,214,1
95,95,236,1
95,95,253,1
95,95,256,1
95,95,305,1
95,95,20,1
95,95,595,1
95,95,606,1
95,95,219,1
95,95,912,1
95,95,1026,1
95,95,497,1
95,95,110,1
95,95,520,1
95,95,455,1
95,95,125,1
95,95,286,1
95,95,1158,1
95,95,434,1
95,95,1033,1
95,95,793,1
95,95,1370,1
95,95,1210,1
95,95,1399,1
95,95,11,1
95,95,361,1
95,95,368,1
95,95,393,1
95,95,1454,1
95,95,1463,1
95,95,24,1
95,95,51,1
95,95,432,1
95,95,1362,1
95,95,1301,1
95,95,475,1
95,95,255,1
95,95,112,1
95,95,1563,1
95,95,1619,1
95,95,1626,1
95,95,332,1
95,95,35,1
95,95,790,1
95,95,46,1
95,95,218,1
95,95,421,1
95,95,813,1
95,95,1789,1
95,95,1380,1
95,95,306,1
95,95,782,1
95,95,1168,1
95,95,1414,1
95,95,60,1
95,95,1450,1
95,95,17,1
95,95,1572,1
95,95,7,1
95,95,1029,1
95,95,1947,1
95,95,1949,1
95,95,280,1
95,95,577,1
95,95,1071,1
95,95,1937,1
95,95,1980,1
95,95,1770,1
95,95,88,1
95,95,436,1
95,95,193,1
95,95,387,1
95,95,2046,1
95,95,686,1
95,95,964,1
95,95,1782,1
95,95,1193,1
95,95,553,1
95,95,1734,1
95,95,1036,1
95,95,825,1
95,95,1553,1
95,95,486,1
95,95,326,1
95,95,1072,1
95,95,2148,1
95,95,1786,1
95,95,1982,1
95,95,2179,1
95,95,1175,1
95,95,1342,1
95,95,512,1
95,95,402,1
95,95,761,1
95,95,461,1
95,95,1837,1
95,95,1234,1
95,95,265,1
95,95,1184,1
95,95,1459,1
95,95,437,1
95,95,496,1
95,95,1369,1
95,95,441,1
95,95,1313,1
95,95,209,1
95,95,1808,1
95,95,96,2
95,95,96,3
89,89,90,1
89,89,354,1
89,89,1700,1
89,89,44,1
89,89,88,1
89,89,219,1
86,86,87,1
86,86,49,1
86,86,100,1
86,86,161,1
86,86,140,1
86,86,33,1
86,86,20,1
86,86,234,1
86,86,93,1
86,86,218,1
86,86,22,1
86,86,46,1
86,86,280,1
86,86,211,1
86,86,165,1
86,86,24,1
86,86,513,1
86,86,215,1
86,86,368,1
86,86,1633,1
86,86,171,1
86,86,955,1
86,86,432,1
86,86,217,1
86,86,195,1
86,86,2032,1
86,86,2055,1
86,86,347,1
86,86,2276,1
84,84,85,1
84,84,391,1
84,84,28,1
84,84,635,1
84,84,337,1
84,84,792,1
84,84,263,1
84,84,920,1
84,84,94,1
84,84,163,1
84,84,107,1
84,84,292,1
84,84,366,1
84,84,314,1
84,84,354,1
84,84,772,1
84,84,385,1
84,84,80,1
84,84,369,1
84,84,403,1
84,84,1779,1
84,84,910,1
84,84,915,1
84,84,353,1
84,84,92,1
84,84,739,1
84,84,751,1
84,84,232,1
84,84,491,1
84,84,1078,1
84,84,352,1
84,84,1605,1
84,84,629,1
84,84,142,1
84,84,647,1
84,84,760,1
84,84,7,1
84,84,113,1
84,84,628,1
84,84,1183,1
84,84,1514,1
84,84,324,1
84,84,361,1
82,82,83,1
82,82,683,1
82,82,138,1
82,82,189,1
79,79,80,1
79,79,147,1
79,79,263,1
79,79,366,1
79,79,491,1
79,79,697,1
79,79,352,1
79,79,785,1
79,79,647,1
79,79,28,1
79,79,369,1
79,79,1003,1
79,79,354,1
79,79,1048,1
79,79,1052,1
79,79,629,1
79,79,1082,1
79,79,459,1
79,79,725,1
79,79,741,1
79,79,1260,1
79,79,635,1
79,79,1252,1
79,79,919,1
79,79,1329,1
79,79,680,1
79,79,739,1
79,79,760,1
79,79,113,1
79,79,915,1
79,79,1445,1
79,79,751,1
79,79,910,1
79,79,375,1
79,79,1440,1
79,79,107,1
79,79,314,1
79,79,542,1
79,79,385,1
79,79,324,1
79,79,1156,1
79,79,99,1
79,79,908,1
79,79,1183,1
79,79,1154,1
79,79,1246,1
79,79,1251,1
79,79,920,1
79,79,94,1
79,79,7,1
79,79,1738,1
79,79,700,1
79,79,814,1
79,79,403,1
79,79,830,1
79,79,1431,1
79,79,163,1
79,79,85,1
79,79,1078,1
79,79,1920,1
79,79,391,1
79,79,903,1
79,79,1289,1
79,79,526,1
79,79,353,1
79,79,1514,1
79,79,792,1
79,79,92,1
79,79,1159,1
79,79,1006,1
79,79,361,1
79,79,628,1
79,79,772,1
79,79,851,1
79,79,406,1
79,79,337,1
79,79,142,1
79,79,1779,1
79,79,454,1
79,79,232,1
79,79,1605,1
79,79,292,1
79,79,1697,1
79,79,479,1
79,79,988,1
77,77,78,1
77,77,138,1
77,77,475,1
77,77,578,1
77,77,100,1
77,77,63,1
77,77,200,1
77,77,793,1
77,77,485,1
77,77,594,1
77,77,20,1
77,77,1288,1
77,77,316,1
77,77,110,1
77,77,683,1
77,77,1403,1
77,77,434,1
77,77,782,1
77,77,540,1
77,77,28,1
77,77,752,1
77,77,1301,1
77,77,368,1
77,77,1115,1
77,77,189,1
77,77,1018,1
77,77,1093,1
77,77,261,1
77,77,1744,1
77,77,1054,1
77,77,329,1
77,77,2163,1
77,77,171,1
77,77,887,1
77,77,78,2
77,77,20,2
77,77,20,3
77,77,78,3
76,76,20,1
76,76,218,1
76,76,33,1
76,76,280,1
76,76,24,1
76,76,49,1
76,76,432,1
76,76,171,1
76,76,195,1
76,76,211,1
76,76,513,1
76,76,22,1
76,76,100,1
76,76,93,1
76,76,368,1
76,76,217,1
76,76,165,1
76,76,234,1
76,76,215,1
76,76,347,1
76,76,46,1
72,72,20,1
72,72,854,1
72,72,90,1
72,72,1667,1
72,72,1665,1
72,72,44,1
72,72,1538,1
71,71,41,1
68,68,69,1
68,68,44,1
68,68,20,1
68,68,31,1
68,68,90,1
68,68,112,1
68,68,126,1
68,68,108,1
68,68,181,1
68,68,15,1
68,68,238,1
68,68,160,1
68,68,28,1
68,68,96,1
68,68,332,1
68,68,350,1
68,68,367,1
68,68,338,1
68,68,195,1
68,68,295,1
68,68,149,1
68,68,251,1
68,68,439,1
68,68,85,1
68,68,448,1
68,68,102,1
68,68,113,1
68,68,182,1
68,68,169,1
68,68,359,1
68,68,54,1
68,68,555,1
68,68,567,1
68,68,56,1
68,68,609,1
68,68,611,1
68,68,125,1
68,68,400,1
68,68,615,1
68,68,310,1
68,68,404,1
68,68,643,1
68,68,646,1
68,68,685,1
68,68,541,1
68,68,659,1
68,68,694,1
68,68,60,1
68,68,750,1
68,68,600,1
68,68,73,1
68,68,780,1
68,68,213,1
68,68,786,1
68,68,316,1
68,68,707,1
68,68,644,1
68,68,268,1
68,68,421,1
68,68,847,1
68,68,857,1
68,68,140,1
68,68,756,1
68,68,563,1
68,68,35,1
68,68,909,1
68,68,910,1
68,68,78,1
68,68,928,1
68,68,265,1
68,68,424,1
68,68,949,1
68,68,24,1
68,68,26,1
68,68,958,1
68,68,293,1
68,68,982,1
68,68,1004,1
68,68,1010,1
68,68,391,1
68,68,331,1
68,68,1020,1
68,68,731,1
68,68,94,1
68,68,1043,1
68,68,1017,1
68,68,882,1
68,68,245,1
68,68,209,1
68,68,1053,1
68,68,1056,1
68,68,446,1
68,68,825,1
68,68,729,1
68,68,1089,1
68,68,80,1
68,68,1091,1
68,68,749,1
68,68,276,1
68,68,138,1
68,68,1115,1
68,68,242,1
68,68,1116,1
68,68,392,1
68,68,504,1
68,68,354,1
68,68,788,1
68,68,366,1
68,68,1027,1
68,68,669,1
68,68,92,1
68,68,402,1
68,68,436,1
68,68,1224,1
68,68,1226,1
68,68,74,1
68,68,1246,1
68,68,1253,1
68,68,248,1
68,68,1259,1
68,68,123,1
68,68,1270,1
68,68,324,1
68,68,1107,1
68,68,75,1
68,68,619,1
68,68,457,1
68,68,51,1
68,68,1297,1
68,68,246,1
68,68,1266,1
68,68,1305,1
68,68,396,1
68,68,1313,1
68,68,792,1
68,68,1318,1
68,68,110,1
68,68,884,1
68,68,1146,1
68,68,1085,1
68,68,1024,1
68,68,1354,1
68,68,91,1
68,68,2,1
68,68,1380,1
68,68,319,1
68,68,356,1
68,68,117,1
68,68,1418,1
68,68,1419,1
68,68,861,1
68,68,1191,1
68,68,67,1
68,68,1447,1
68,68,1148,1
68,68,1469,1
68,68,1482,1
68,68,158,1
68,68,17,1
68,68,547,1
68,68,1183,1
68,68,1529,1
68,68,1326,1
68,68,50,1
68,68,1543,1
68,68,1550,1
68,68,1563,1
68,68,1583,1
68,68,1587,1
68,68,70,1
68,68,1118,1
68,68,782,1
68,68,1092,1
68,68,1616,1
68,68,1621,1
68,68,1622,1
68,68,1492,1
68,68,1632,1
68,68,393,1
68,68,506,1
68,68,1400,1
68,68,854,1
68,68,1657,1
68,68,754,1
68,68,1677,1
68,68,353,1
68,68,280,1
68,68,83,1
68,68,1693,1
68,68,1694,1
68,68,635,1
68,68,815,1
68,68,1702,1
68,68,712,1
68,68,1716,1
68,68,816,1
68,68,1006,1
68,68,1605,1
68,68,1188,1
68,68,468,1
68,68,258,1
68,68,1768,1
68,68,1788,1
68,68,1095,1
68,68,760,1
68,68,672,1
68,68,300,1
68,68,218,1
68,68,1361,1
68,68,224,1
68,68,607,1
68,68,1628,1
68,68,1843,1
68,68,451,1
68,68,214,1
68,68,318,1
68,68,1854,1
68,68,223,1
68,68,1859,1
68,68,278,1
68,68,1312,1
68,68,1078,1
68,68,165,1
68,68,1407,1
68,68,1032,1
68,68,627,1
68,68,1311,1
68,68,1876,1
68,68,520,1
68,68,493,1
68,68,1654,1
68,68,1284,1
68,68,88,1
68,68,686,1
68,68,1299,1
68,68,665,1
68,68,1903,1
68,68,751,1
68,68,667,1
68,68,1912,1
68,68,1071,1
68,68,1414,1
68,68,714,1
68,68,1656,1
68,68,529,1
68,68,1936,1
68,68,505,1
68,68,1250,1
68,68,1346,1
68,68,163,1
68,68,1630,1
68,68,441,1
68,68,361,1
68,68,1523,1
68,68,2011,1
68,68,1800,1
68,68,893,1
68,68,1837,1
68,68,1672,1
68,68,1062,1
68,68,891,1
68,68,1913,1
68,68,1221,1
68,68,918,1
68,68,1068,1
68,68,2057,1
68,68,171,1
68,68,835,1
68,68,378,1
68,68,570,1
68,68,2086,1
68,68,814,1
68,68,13,1
68,68,1300,1
68,68,273,1
68,68,256,1
68,68,821,1
68,68,907,1
68,68,1102,1
68,68,291,1
68,68,775,1
68,68,407,1
68,68,471,1
68,68,473,1
68,68,513,1
68,68,853,1
68,68,314,1
68,68,7,1
68,68,2174,1
68,68,674,1
68,68,2177,1
68,68,322,1
68,68,1968,1
68,68,2181,1
68,68,2182,1
68,68,1878,1
68,68,292,1
68,68,447,1
68,68,804,1
68,68,1520,1
68,68,43,1
68,68,2078,1
68,68,915,1
68,68,1980,1
68,68,605,1
68,68,219,1
68,68,634,1
68,68,727,1
68,68,535,1
68,68,695,1
68,68,46,1
68,68,1456,1
68,68,692,1
68,68,2046,1
68,68,1544,1
68,68,1562,1
68,68,1750,1
68,68,1199,1
68,68,2264,1
68,68,430,1
68,68,718,1
68,68,1173,1
68,68,1817,1
68,68,785,1
68,68,1225,1
68,68,370,1
68,68,502,1
68,68,979,1
68,68,497,1
68,68,803,1
68,68,1639,1
68,68,596,1
68,68,1386,1
68,68,44,2
68,68,256,2
68,68,2324,2
68,68,20,2
68,68,1817,2
68,68,74,2
68,68,2328,2
68,68,90,2
68,68,78,2
68,68,91,2
68,68,90,3
68,68,91,3
68,68,2328,3
68,68,20,3
68,68,44,3
68,68,256,3
68,68,74,3
68,68,78,3
68,68,1817,3
68,68,2324,3
64,64,65,1
64,64,1663,1
64,64,41,1
64,64,689,1
64,64,989,1
64,64,1996,1
62,62,63,1
62,62,100,1
62,62,144,1
62,62,138,1
62,62,465,1
61,61,39,1
61,61,756,1
59,59,60,1
59,59,115,1
59,59,88,1
59,59,1756,1
59,59,219,1
59,59,305,1
59,59,779,1
59,59,648,1
57,57,58,1
57,57,1712,1
55,55,56,1
55,55,20,1
55,55,890,1
55,55,44,1
55,55,108,1
55,55,90,1
55,55,31,1
52,52,53,1
48,48,49,1
48,48,100,1
48,48,33,1
48,48,234,1
48,48,22,1
48,48,171,1
48,48,513,1
48,48,217,1
45,45,46,1
45,45,100,1
45,45,234,1
45,45,165,1
45,45,217,1
45,45,49,1
45,45,211,1
45,45,33,1
45,45,171,1
45,45,22,1
45,45,93,1
45,45,432,1
45,45,513,1
42,42,43,1
42,42,74,1
42,42,782,1
42,42,39,1
42,42,381,1
42,42,281,1
42,42,258,1
42,42,745,1
42,42,386,1
42,42,475,1
42,42,756,1
42,42,355,1
42,42,396,1
42,42,342,1
40,40,41,1
40,40,28,1
40,40,607,1
40,40,761,1
40,40,914,1
40,40,541,1
38,38,39,1
38,38,396,1
38,38,756,1
38,38,281,1
38,38,43,1
38,38,745,1
38,38,355,1
38,38,258,1
38,38,342,1
36,36,37,1
36,36,676,1
36,36,504,1
36,36,1102,1
34,34,35,1
34,34,96,1
34,34,20,1
34,34,51,1
34,34,245,1
34,34,354,1
34,34,80,1
34,34,54,1
34,34,440,1
34,34,28,1
34,34,242,1
34,34,347,1
34,34,485,1
34,34,752,1
34,34,785,1
34,34,359,1
34,34,377,1
34,34,17,1
34,34,428,1
34,34,759,1
34,34,1071,1
34,34,1028,1
34,34,1134,1
34,34,648,1
34,34,1218,1
34,34,1183,1
34,34,265,1
34,34,566,1
34,34,739,1
34,34,7,1
34,34,1330,1
34,34,1316,1
34,34,1006,1
34,34,1420,1
34,34,1147,1
34,34,263,1
34,34,1433,1
34,34,1459,1
34,34,213,1
34,34,1027,1
34,34,1497,1
34,34,92,1
34,34,161,1
34,34,1540,1
34,34,1544,1
34,34,455,1
34,34,361,1
34,34,414,1
34,34,1620,1
34,34,747,1
34,34,1655,1
34,34,1245,1
34,34,1344,1
34,34,1732,1
34,34,1754,1
34,34,449,1
34,34,1782,1
34,34,760,1
34,34,1724,1
34,34,251,1
34,34,1822,1
34,34,1362,1
34,34,324,1
34,34,113,1
34,34,1032,1
34,34,434,1
34,34,195,1
34,34,1873,1
34,34,607,1
34,34,992,1
34,34,1593,1
34,34,1441,1
34,34,165,1
34,34,1983,1
34,34,312,1
34,34,1877,1
34,34,1799,1
34,34,873,1
34,34,232,1
34,34,215,1
34,34,1005,1
34,34,2115,1
34,34,1971,1
34,34,1947,1
34,34,2183,1
34,34,1193,1
34,34,541,1
34,34,1526,1
34,34,253,1
34,34,554,1
34,34,416,1
34,34,33,1
34,34,1484,1
34,34,1805,1
34,34,1386,1
34,34,2082,1
34,34,1562,1
34,34,1770,1
34,34,1313,1
34,34,1892,1
32,32,33,1
32,32,195,1
32,32,100,1
32,32,211,1
32,32,218,1
32,32,24,1
32,32,22,1
32,32,955,1
32,32,49,1
32,32,234,1
32,32,165,1
32,32,215,1
32,32,20,1
32,32,368,1
32,32,171,1
32,32,46,1
32,32,217,1
32,32,432,1
32,32,93,1
32,32,513,1
30,30,31,1
30,30,92,1
30,30,108,1
30,30,20,1
30,30,224,1
30,30,228,1
30,30,248,1
30,30,332,1
30,30,361,1
30,30,370,1
30,30,736,1
30,30,790,1
30,30,268,1
30,30,846,1
30,30,619,1
30,30,373,1
30,30,891,1
30,30,96,1
30,30,7,1
30,30,979,1
30,30,137,1
30,30,594,1
30,30,26,1
30,30,729,1
30,30,1095,1
30,30,544,1
30,30,338,1
30,30,1148,1
30,30,1200,1
30,30,1210,1
30,30,955,1
30,30,798,1
30,30,73,1
30,30,751,1
30,30,1279,1
30,30,1111,1
30,30,1301,1
30,30,90,1
30,30,1017,1
30,30,801,1
30,30,1386,1
30,30,748,1
30,30,555,1
30,30,110,1
30,30,471,1
30,30,67,1
30,30,1456,1
30,30,1270,1
30,30,245,1
30,30,393,1
30,30,1519,1
30,30,189,1
30,30,856,1
30,30,465,1
30,30,611,1
30,30,232,1
30,30,875,1
30,30,1334,1
30,30,600,1
30,30,223,1
30,30,1224,1
30,30,949,1
30,30,360,1
30,30,567,1
30,30,1158,1
30,30,517,1
30,30,149,1
30,30,87,1
30,30,400,1
30,30,28,1
30,30,177,1
30,30,1154,1
30,30,1006,1
30,30,1621,1
30,30,451,1
30,30,520,1
30,30,775,1
30,30,749,1
30,30,326,1
30,30,1062,1
30,30,359,1
30,30,1246,1
30,30,563,1
30,30,634,1
30,30,165,1
30,30,1188,1
30,30,1519,2
30,30,96,2
30,30,108,2
30,30,31,2
30,30,20,2
30,30,373,2
30,30,465,2
30,30,189,2
30,30,393,2
30,30,856,2
30,30,110,2
30,30,1301,2
30,30,189,3
30,30,393,3
30,30,373,3
30,30,1301,3
30,30,31,3
30,30,20,3
30,30,96,3
30,30,108,3
30,30,465,3
30,30,856,3
30,30,110,3
30,30,1519,3
29,29,28,1
29,29,54,1
29,29,67,1
29,29,123,1
29,29,31,1
29,29,162,1
29,29,88,1
29,29,137,1
29,29,245,1
29,29,251,1
29,29,20,1
29,29,304,1
29,29,333,1
29,29,108,1
29,29,242,1
29,29,149,1
29,29,542,1
29,29,557,1
29,29,213,1
29,29,583,1
29,29,605,1
29,29,547,1
29,29,654,1
29,29,577,1
29,29,669,1
29,29,712,1
29,29,219,1
29,29,798,1
29,29,825,1
29,29,69,1
29,29,875,1
29,29,927,1
29,29,980,1
29,29,1030,1
29,29,563,1
29,29,1085,1
29,29,990,1
29,29,891,1
29,29,694,1
29,29,715,1
29,29,1176,1
29,29,1183,1
29,29,228,1
29,29,182,1
29,29,619,1
29,29,1243,1
29,29,1300,1
29,29,471,1
29,29,908,1
29,29,361,1
29,29,360,1
29,29,1098,1
29,29,1431,1
29,29,504,1
29,29,1490,1
29,29,7,1
29,29,1004,1
29,29,248,1
29,29,765,1
29,29,1589,1
29,29,1590,1
29,29,828,1
29,29,1615,1
29,29,1274,1
29,29,1318,1
29,29,338,1
29,29,993,1
29,29,1095,1
29,29,775,1
29,29,200,1
29,29,1299,1
29,29,1718,1
29,29,1620,1
29,29,246,1
29,29,391,1
29,29,302,1
29,29,1369,1
29,29,370,1
29,29,1628,1
29,29,314,1
29,29,760,1
29,29,570,1
29,29,1829,1
29,29,884,1
29,29,600,1
29,29,449,1
29,29,372,1
29,29,1878,1
29,29,1078,1
29,29,1482,1
29,29,996,1
29,29,1605,1
29,29,113,1
29,29,1822,1
29,29,1242,1
29,29,1468,1
29,29,223,1
29,29,1916,1
29,29,1017,1
29,29,1221,1
29,29,1957,1
29,29,295,1
29,29,835,1
29,29,2002,1
29,29,326,1
29,29,915,1
29,29,1936,1
29,29,90,1
29,29,266,1
29,29,78,1
29,29,353,1
29,29,2078,1
29,29,2082,1
29,29,376,1
29,29,1358,1
29,29,1960,1
29,29,2114,1
29,29,211,1
29,29,153,1
29,29,316,1
29,29,1107,1
29,29,125,1
29,29,2146,1
29,29,1234,1
29,29,2155,1
29,29,94,1
29,29,2076,1
29,29,80,1
29,29,85,1
29,29,493,1
29,29,1799,1
29,29,1786,1
29,29,1614,1
29,29,366,1
29,29,1419,1
29,29,324,1
29,29,193,1
29,29,729,1
29,29,928,1
29,29,502,1
29,29,594,1
29,29,354,1
29,29,1750,1
29,29,1508,1
29,29,2042,1
29,29,1562,1
29,29,107,1
29,29,2272,1
29,29,505,1
29,29,630,1
29,29,163,1
29,29,788,1
29,29,1912,1
29,29,1079,1
29,29,20,2
29,29,110,2
29,29,265,2
29,29,31,2
29,29,108,2
29,29,347,2
29,29,347,3
29,29,31,3
29,29,20,3
29,29,110,3
29,29,265,3
29,29,108,3
27,27,28,1
27,27,15,1
27,27,74,1
27,27,91,1
27,27,107,1
27,27,119,1
27,27,20,1
27,27,163,1
27,27,182,1
27,27,210,1
27,27,251,1
27,27,205,1
27,27,261,1
27,27,307,1
27,27,314,1
27,27,319,1
27,27,339,1
27,27,200,1
27,27,355,1
27,27,265,1
27,27,359,1
27,27,78,1
27,27,385,1
27,27,386,1
27,27,380,1
27,27,485,1
27,27,293,1
27,27,92,1
27,27,501,1
27,27,137,1
27,27,504,1
27,27,396,1
27,27,407,1
27,27,607,1
27,27,615,1
27,27,628,1
27,27,637,1
27,27,639,1
27,27,324,1
27,27,666,1
27,27,670,1
27,27,543,1
27,27,117,1
27,27,735,1
27,27,745,1
27,27,746,1
27,27,748,1
27,27,749,1
27,27,756,1
27,27,391,1
27,27,777,1
27,27,782,1
27,27,674,1
27,27,278,1
27,27,131,1
27,27,541,1
27,27,542,1
27,27,612,1
27,27,768,1
27,27,910,1
27,27,475,1
27,27,51,1
27,27,860,1
27,27,785,1
27,27,978,1
27,27,85,1
27,27,326,1
27,27,113,1
27,27,446,1
27,27,381,1
27,27,537,1
27,27,458,1
27,27,357,1
27,27,778,1
27,27,1054,1
27,27,1060,1
27,27,652,1
27,27,856,1
27,27,554,1
27,27,54,1
27,27,2,1
27,27,739,1
27,27,614,1
27,27,245,1
27,27,948,1
27,27,329,1
27,27,796,1
27,27,316,1
27,27,1128,1
27,27,17,1
27,27,60,1
27,27,13,1
27,27,399,1
27,27,94,1
27,27,816,1
27,27,1065,1
27,27,39,1
27,27,704,1
27,27,1240,1
27,27,987,1
27,27,1032,1
27,27,292,1
27,27,354,1
27,27,1258,1
27,27,598,1
27,27,321,1
27,27,242,1
27,27,1137,1
27,27,572,1
27,27,629,1
27,27,1286,1
27,27,1295,1
27,27,53,1
27,27,1102,1
27,27,96,1
27,27,276,1
27,27,179,1
27,27,1412,1
27,27,752,1
27,27,1023,1
27,27,1427,1
27,27,232,1
27,27,142,1
27,27,947,1
27,27,618,1
27,27,366,1
27,27,867,1
27,27,596,1
27,27,80,1
27,27,594,1
27,27,1007,1
27,27,1539,1
27,27,1486,1
27,27,228,1
27,27,1562,1
27,27,81,1
27,27,1432,1
27,27,486,1
27,27,1005,1
27,27,272,1
27,27,427,1
27,27,751,1
27,27,4,1
27,27,954,1
27,27,1401,1
27,27,1443,1
27,27,203,1
27,27,1678,1
27,27,553,1
27,27,342,1
27,27,915,1
27,27,1605,1
27,27,1701,1
27,27,281,1
27,27,1719,1
27,27,1727,1
27,27,792,1
27,27,479,1
27,27,546,1
27,27,35,1
27,27,772,1
27,27,761,1
27,27,449,1
27,27,631,1
27,27,222,1
27,27,147,1
27,27,635,1
27,27,1058,1
27,27,1072,1
27,27,1472,1
27,27,1272,1
27,27,974,1
27,27,1075,1
27,27,353,1
27,27,153,1
27,27,1852,1
27,27,144,1
27,27,510,1
27,27,43,1
27,27,608,1
27,27,393,1
27,27,434,1
27,27,1799,1
27,27,115,1
27,27,360,1
27,27,1332,1
27,27,491,1
27,27,875,1
27,27,531,1
27,27,727,1
27,27,877,1
27,27,1887,1
27,27,793,1
27,27,364,1
27,27,934,1
27,27,417,1
27,27,404,1
27,27,496,1
27,27,258,1
27,27,1927,1
27,27,1519,1
27,27,1934,1
27,27,1937,1
27,27,1944,1
27,27,165,1
27,27,684,1
27,27,1954,1
27,27,290,1
27,27,334,1
27,27,1966,1
27,27,757,1
27,27,1358,1
27,27,425,1
27,27,402,1
27,27,1972,1
27,27,1566,1
27,27,1817,1
27,27,578,1
27,27,1078,1
27,27,1733,1
27,27,175,1
27,27,123,1
27,27,1036,1
27,27,1850,1
27,27,759,1
27,27,1669,1
27,27,347,1
27,27,108,1
27,27,351,1
27,27,490,1
27,27,760,1
27,27,361,1
27,27,1183,1
27,27,2030,1
27,27,1300,1
27,27,1111,1
27,27,712,1
27,27,187,1
27,27,255,1
27,27,1136,1
27,27,966,1
27,27,2064,1
27,27,1468,1
27,27,1301,1
27,27,2073,1
27,27,2076,1
27,27,1626,1
27,27,369,1
27,27,2090,1
27,27,1724,1
27,27,540,1
27,27,1279,1
27,27,2104,1
27,27,679,1
27,27,183,1
27,27,352,1
27,27,550,1
27,27,257,1
27,27,2138,1
27,27,1260,1
27,27,2141,1
27,27,577,1
27,27,441,1
27,27,389,1
27,27,1871,1
27,27,346,1
27,27,214,1
27,27,432,1
27,27,2052,1
27,27,88,1
27,27,1359,1
27,27,132,1
27,27,1803,1
27,27,1601,1
27,27,634,1
27,27,1744,1
27,27,424,1
27,27,2207,1
27,27,1467,1
27,27,1149,1
27,27,688,1
27,27,2169,1
27,27,806,1
27,27,1097,1
27,27,1338,1
27,27,138,1
27,27,365,1
27,27,1168,1
27,27,621,1
27,27,387,1
27,27,2183,1
27,27,1152,1
27,27,430,1
27,27,367,1
27,27,376,1
27,27,2172,1
27,27,1728,1
27,27,1559,1
27,27,1031,1
27,27,1920,1
27,27,171,1
27,27,648,1
27,27,718,1
27,27,106,1
27,27,1485,1
27,27,1091,1
27,27,2292,1
27,27,1288,1
27,27,326,2
27,27,74,2
27,27,543,2
27,27,2326,2
27,27,486,2
27,27,978,2
27,27,91,2
27,27,265,2
27,27,752,2
27,27,1701,2
27,27,96,2
27,27,28,2
27,27,386,2
27,27,78,2
27,27,614,2
27,27,20,2
27,27,256,2
27,27,578,2
27,27,347,2
27,27,404,2
27,27,578,3
27,27,404,3
27,27,91,3
27,27,74,3
27,27,1701,3
27,27,28,3
27,27,78,3
27,27,326,3
27,27,20,3
27,27,256,3
27,27,2326,3
27,27,978,3
27,27,96,3
27,27,265,3
27,27,752,3
27,27,486,3
27,27,347,3
27,27,614,3
27,27,543,3
27,27,386,3
25,25,26,1
25,25,438,1
25,25,182,1
23,23,24,1
23,23,100,1
23,23,165,1
23,23,22,1
23,23,211,1
23,23,234,1
23,23,46,1
23,23,171,1
23,23,217,1
23,23,49,1
23,23,93,1
23,23,33,1
23,23,218,1
23,23,432,1
23,23,513,1
21,21,22,1
21,21,93,1
21,21,100,1
21,21,217,1
21,21,368,1
21,21,49,1
21,21,432,1
21,21,234,1
21,21,211,1
21,21,218,1
21,21,171,1
21,21,20,1
21,21,33,1
21,21,24,1
21,21,46,1
21,21,165,1
18,18,19,1
18,18,81,1
18,18,98,1
18,18,44,1
18,18,325,1
18,18,348,1
18,18,297,1
18,18,376,1
18,18,93,1
18,18,471,1
18,18,664,1
18,18,701,1
18,18,743,1
18,18,744,1
18,18,433,1
18,18,648,1
18,18,1014,1
18,18,1001,1
18,18,509,1
18,18,1066,1
18,18,1131,1
18,18,634,1
18,18,430,1
18,18,547,1
18,18,594,1
18,18,1382,1
18,18,1111,1
18,18,683,1
18,18,992,1
18,18,1273,1
18,18,494,1
18,18,873,1
18,18,1378,1
18,18,1774,1
18,18,189,1
18,18,391,1
18,18,7,1
18,18,1894,1
18,18,1580,1
18,18,1598,1
18,18,432,1
18,18,1965,1
18,18,1562,1
18,18,1991,1
18,18,1963,1
18,18,37,1
18,18,944,1
18,18,957,1
18,18,764,1
18,18,2089,1
18,18,2096,1
18,18,553,1
18,18,797,1
18,18,1646,1
18,18,938,1
18,18,2240,1
18,18,2242,1
18,18,2188,1
18,18,1927,1
18,18,1080,1
18,18,2321,1
18,18,510,1
18,18,683,2
18,18,44,2
18,18,189,2
18,18,683,3
18,18,189,3
18,18,44,3
16,16,17,1
16,16,33,1
16,16,215,1
16,16,161,1
16,16,100,1
16,16,22,1
16,16,20,1
16,16,347,1
16,16,217,1
16,16,49,1
16,16,171,1
16,16,234,1
16,16,46,1
16,16,280,1
16,16,211,1
16,16,432,1
16,16,93,1
16,16,513,1
16,16,140,1
16,16,1449,1
16,16,24,1
16,16,195,1
16,16,368,1
16,16,218,1
16,16,165,1
16,16,1509,1
16,16,711,1
16,16,481,1
16,16,1786,13
16,16,1098,13
16,16,195,13
16,16,17,13
14,14,15,1
14,14,20,1
14,14,70,1
14,14,102,1
14,14,131,1
14,14,137,1
14,14,110,1
14,14,338,1
14,14,96,1
14,14,356,1
14,14,28,1
14,14,54,1
14,14,393,1
14,14,361,1
14,14,228,1
14,14,7,1
14,14,544,1
14,14,545,1
14,14,585,1
14,14,600,1
14,14,638,1
14,14,642,1
14,14,211,1
14,14,765,1
14,14,775,1
14,14,815,1
14,14,245,1
14,14,776,1
14,14,465,1
14,14,839,1
14,14,601,1
14,14,268,1
14,14,731,1
14,14,555,1
14,14,966,1
14,14,907,1
14,14,1026,1
14,14,1051,1
14,14,1079,1
14,14,236,1
14,14,505,1
14,14,785,1
14,14,276,1
14,14,835,1
14,14,1362,1
14,14,1369,1
14,14,416,1
14,14,242,1
14,14,1085,1
14,14,1301,1
14,14,1452,1
14,14,1468,1
14,14,451,1
14,14,1259,1
14,14,1508,1
14,14,607,1
14,14,373,1
14,14,606,1
14,14,277,1
14,14,1547,1
14,14,87,1
14,14,884,1
14,14,611,1
14,14,316,1
14,14,729,1
14,14,1629,1
14,14,350,1
14,14,60,1
14,14,449,1
14,14,182,1
14,14,1715,1
14,14,1730,1
14,14,1750,1
14,14,486,1
14,14,1318,1
14,14,288,1
14,14,90,1
14,14,752,1
14,14,1804,1
14,14,1805,1
14,14,1820,1
14,14,748,1
14,14,577,1
14,14,189,1
14,14,400,1
14,14,312,1
14,14,1902,1
14,14,949,1
14,14,1572,1
14,14,563,1
14,14,1148,1
14,14,255,1
14,14,669,1
14,14,493,1
14,14,568,1
14,14,1955,1
14,14,165,1
14,14,1338,1
14,14,51,1
14,14,1270,1
14,14,977,1
14,14,1342,1
14,14,364,1
14,14,811,1
14,14,2092,1
14,14,1533,1
14,14,2179,1
14,14,1543,1
14,14,1245,1
14,14,1188,1
14,14,801,1
14,14,1553,1
14,14,485,1
14,14,2181,1
14,14,224,1
14,14,1484,1
14,14,749,1
14,14,414,1
14,14,798,1
14,14,6,1
14,14,1218,1
14,14,1210,1
14,14,1886,1
14,14,402,1
14,14,1277,1
14,14,293,1
14,14,1478,1
14,14,2185,1
14,14,872,1
14,14,78,1
14,14,2279,1
14,14,978,1
14,14,846,1
14,14,1702,1
14,14,666,1
14,14,2155,1
14,14,1340,1
14,14,614,1
14,14,96,2
14,14,20,2
14,14,51,2
14,14,15,2
14,14,102,2
14,14,872,2
14,14,1338,2
14,14,28,2
14,14,31,2
14,14,400,2
14,14,78,2
14,14,189,2
14,14,486,2
14,14,752,2
14,14,110,2
14,14,393,2
14,14,108,2
14,14,1188,2
14,14,978,2
14,14,20,3
14,14,102,3
14,14,1188,3
14,14,15,3
14,14,78,3
14,14,110,3
14,14,400,3
14,14,51,3
14,14,31,3
14,14,1338,3
14,14,96,3
14,14,108,3
14,14,393,3
14,14,486,3
14,14,189,3
14,14,872,3
14,14,978,3
14,14,752,3
14,14,28,3
12,12,13,1
12,12,66,1
12,12,75,1
12,12,7,1
12,12,158,1
12,12,172,1
12,12,268,1
12,12,154,1
12,12,223,1
12,12,372,1
12,12,535,1
12,12,546,1
12,12,566,1
12,12,513,1
12,12,859,1
12,12,874,1
12,12,128,1
12,12,924,1
12,12,9,1
12,12,901,1
12,12,871,1
12,12,306,1
12,12,346,1
12,12,47,1
12,12,663,1
12,12,1265,1
12,12,100,1
12,12,354,1
12,12,428,1
12,12,1071,1
12,12,914,1
12,12,1396,1
12,12,447,1
12,12,935,1
12,12,259,1
12,12,1623,1
12,12,718,1
12,12,1139,1
12,12,1256,1
12,12,652,1
12,12,41,1
12,12,112,1
10,10,11,1
10,10,141,1
10,10,118,1
10,10,286,1
10,10,20,1
10,10,306,1
10,10,410,1
10,10,603,1
10,10,685,1
10,10,865,1
10,10,1044,1
10,10,1147,1
10,10,1257,1
10,10,1298,1
10,10,1414,1
10,10,439,1
10,10,933,1
10,10,75,1
10,10,1717,1
10,10,1742,1
10,10,867,1
10,10,1762,1
10,10,1790,1
10,10,1833,1
10,10,1837,1
10,10,610,1
10,10,1867,1
10,10,353,1
10,10,1904,1
10,10,1622,1
10,10,321,1
10,10,73,1
10,10,167,1
10,10,893,1
10,10,209,1
10,10,825,1
10,10,1587,1
10,10,17,1
10,10,1995,1
10,10,2024,1
10,10,295,1
10,10,2080,1
10,10,1835,1
10,10,1788,1
10,10,595,1
10,10,392,1
10,10,1031,1
10,10,2217,1
10,10,130,1
10,10,1372,1
10,10,112,1
10,10,1096,1
10,10,2196,1
10,10,1818,1
10,10,1071,1
10,10,1640,1
8,8,9,1
8,8,154,1
8,8,13,1
8,8,316,1
8,8,428,1
8,8,158,1
8,8,718,1
8,8,372,1
8,8,447,1
8,8,914,1
8,8,566,1
8,8,75,1
8,8,306,1
8,8,1071,1
8,8,1139,1
8,8,663,1
8,8,268,1
8,8,874,1
8,8,223,1
8,8,259,1
8,8,901,1
8,8,7,1
8,8,871,1
8,8,1265,1
8,8,346,1
8,8,66,1
8,8,935,1
8,8,1256,1
8,8,1623,1
8,8,172,1
8,8,47,1
8,8,112,1
8,8,1396,1
8,8,546,1
8,8,354,1
8,8,41,1
8,8,535,1
8,8,924,1
5,5,6,1
5,5,631,1
5,5,934,1
5,5,277,1
3,3,4,1
1,1,2,1
1,1,44,1
1,1,47,1
1,1,50,1
1,1,51,1
1,1,19,1
1,1,20,1
1,1,73,1
1,1,88,1
1,1,33,1
1,1,91,1
1,1,24,1
1,1,113,1
1,1,15,1
1,1,78,1
1,1,132,1
1,1,125,1
1,1,138,1
1,1,130,1
1,1,143,1
1,1,28,1
1,1,7,1
1,1,161,1
1,1,140,1
1,1,165,1
1,1,183,1
1,1,187,1
1,1,96,1
1,1,219,1
1,1,74,1
1,1,102,1
1,1,247,1
1,1,257,1
1,1,258,1
1,1,259,1
1,1,260,1
1,1,264,1
1,1,265,1
1,1,272,1
1,1,274,1
1,1,281,1
1,1,200,1
1,1,290,1
1,1,213,1
1,1,215,1
1,1,60,1
1,1,153,1
1,1,306,1
1,1,217,1
1,1,280,1
1,1,326,1
1,1,349,1
1,1,93,1
1,1,357,1
1,1,31,1
1,1,92,1
1,1,117,1
1,1,362,1
1,1,365,1
1,1,373,1
1,1,377,1
1,1,80,1
1,1,387,1
1,1,22,1
1,1,400,1
1,1,401,1
1,1,63,1
1,1,404,1
1,1,211,1
1,1,17,1
1,1,419,1
1,1,407,1
1,1,90,1
1,1,434,1
1,1,437,1
1,1,441,1
1,1,442,1
1,1,450,1
1,1,391,1
1,1,455,1
1,1,475,1
1,1,49,1
1,1,491,1
1,1,354,1
1,1,137,1
1,1,496,1
1,1,507,1
1,1,510,1
1,1,520,1
1,1,361,1
1,1,433,1
1,1,195,1
1,1,541,1
1,1,543,1
1,1,550,1
1,1,554,1
1,1,46,1
1,1,562,1
1,1,342,1
1,1,572,1
1,1,576,1
1,1,577,1
1,1,488,1
1,1,579,1
1,1,580,1
1,1,242,1
1,1,591,1
1,1,594,1
1,1,547,1
1,1,596,1
1,1,347,1
1,1,610,1
1,1,612,1
1,1,432,1
1,1,616,1
1,1,490,1
1,1,629,1
1,1,427,1
1,1,634,1
1,1,339,1
1,1,607,1
1,1,647,1
1,1,648,1
1,1,649,1
1,1,214,1
1,1,674,1
1,1,85,1
1,1,684,1
1,1,128,1
1,1,691,1
1,1,425,1
1,1,706,1
1,1,714,1
1,1,149,1
1,1,749,1
1,1,757,1
1,1,218,1
1,1,770,1
1,1,446,1
1,1,772,1
1,1,778,1
1,1,779,1
1,1,389,1
1,1,789,1
1,1,793,1
1,1,806,1
1,1,816,1
1,1,803,1
1,1,399,1
1,1,822,1
1,1,828,1
1,1,393,1
1,1,839,1
1,1,845,1
1,1,286,1
1,1,681,1
1,1,702,1
1,1,858,1
1,1,386,1
1,1,873,1
1,1,110,1
1,1,585,1
1,1,203,1
1,1,454,1
1,1,893,1
1,1,11,1
1,1,911,1
1,1,912,1
1,1,913,1
1,1,542,1
1,1,919,1
1,1,351,1
1,1,163,1
1,1,118,1
1,1,937,1
1,1,941,1
1,1,948,1
1,1,950,1
1,1,316,1
1,1,738,1
1,1,308,1
1,1,297,1
1,1,322,1
1,1,278,1
1,1,226,1
1,1,981,1
1,1,983,1
1,1,615,1
1,1,990,1
1,1,994,1
1,1,751,1
1,1,1005,1
1,1,288,1
1,1,1017,1
1,1,1032,1
1,1,1036,1
1,1,1042,1
1,1,637,1
1,1,58,1
1,1,745,1
1,1,360,1
1,1,915,1
1,1,1072,1
1,1,1078,1
1,1,1084,1
1,1,350,1
1,1,1096,1
1,1,1097,1
1,1,356,1
1,1,119,1
1,1,1107,1
1,1,466,1
1,1,179,1
1,1,553,1
1,1,1120,1
1,1,417,1
1,1,1123,1
1,1,106,1
1,1,992,1
1,1,544,1
1,1,1128,1
1,1,1051,1
1,1,998,1
1,1,628,1
1,1,566,1
1,1,792,1
1,1,1136,1
1,1,324,1
1,1,1114,1
1,1,1149,1
1,1,332,1
1,1,1152,1
1,1,1102,1
1,1,1169,1
1,1,1177,1
1,1,944,1
1,1,974,1
1,1,712,1
1,1,967,1
1,1,1193,1
1,1,796,1
1,1,268,1
1,1,1196,1
1,1,1205,1
1,1,293,1
1,1,353,1
1,1,652,1
1,1,198,1
1,1,1209,1
1,1,1213,1
1,1,1222,1
1,1,131,1
1,1,1225,1
1,1,670,1
1,1,1229,1
1,1,147,1
1,1,414,1
1,1,1243,1
1,1,459,1
1,1,1247,1
1,1,701,1
1,1,1251,1
1,1,100,1
1,1,402,1
1,1,75,1
1,1,1262,1
1,1,486,1
1,1,352,1
1,1,223,1
1,1,1266,1
1,1,1267,1
1,1,1268,1
1,1,1269,1
1,1,979,1
1,1,679,1
1,1,1015,1
1,1,1280,1
1,1,846,1
1,1,56,1
1,1,108,1
1,1,739,1
1,1,1289,1
1,1,1290,1
1,1,193,1
1,1,54,1
1,1,721,1
1,1,1296,1
1,1,546,1
1,1,1048,1
1,1,1304,1
1,1,1010,1
1,1,1080,1
1,1,364,1
1,1,1240,1
1,1,314,1
1,1,1320,1
1,1,1322,1
1,1,753,1
1,1,1340,1
1,1,1350,1
1,1,1355,1
1,1,424,1
1,1,1358,1
1,1,1260,1
1,1,359,1
1,1,1361,1
1,1,81,1
1,1,182,1
1,1,1329,1
1,1,1368,1
1,1,914,1
1,1,1286,1
1,1,1139,1
1,1,1200,1
1,1,1381,1
1,1,369,1
1,1,1058,1
1,1,1075,1
1,1,1390,1
1,1,895,1
1,1,1246,1
1,1,1407,1
1,1,1189,1
1,1,1252,1
1,1,907,1
1,1,1178,1
1,1,1184,1
1,1,1301,1
1,1,175,1
1,1,578,1
1,1,1423,1
1,1,1426,1
1,1,1158,1
1,1,1432,1
1,1,614,1
1,1,307,1
1,1,673,1
1,1,797,1
1,1,853,1
1,1,555,1
1,1,784,1
1,1,1461,1
1,1,1462,1
1,1,209,1
1,1,1467,1
1,1,380,1
1,1,1477,1
1,1,1483,1
1,1,1486,1
1,1,631,1
1,1,1498,1
1,1,1501,1
1,1,1503,1
1,1,704,1
1,1,1505,1
1,1,338,1
1,1,1509,1
1,1,748,1
1,1,831,1
1,1,1516,1
1,1,537,1
1,1,1519,1
1,1,1520,1
1,1,635,1
1,1,531,1
1,1,329,1
1,1,94,1
1,1,43,1
1,1,957,1
1,1,410,1
1,1,471,1
1,1,1514,1
1,1,1342,1
1,1,1570,1
1,1,1573,1
1,1,1578,1
1,1,1006,1
1,1,403,1
1,1,228,1
1,1,1585,1
1,1,683,1
1,1,1517,1
1,1,4,1
1,1,872,1
1,1,1599,1
1,1,70,1
1,1,1605,1
1,1,1607,1
1,1,1540,1
1,1,505,1
1,1,468,1
1,1,630,1
1,1,1490,1
1,1,731,1
1,1,396,1
1,1,920,1
1,1,13,1
1,1,932,1
1,1,1659,1
1,1,1412,1
1,1,619,1
1,1,877,1
1,1,734,1
1,1,1682,1
1,1,727,1
1,1,1406,1
1,1,115,1
1,1,1688,1
1,1,160,1
1,1,1031,1
1,1,930,1
1,1,1273,1
1,1,1695,1
1,1,1706,1
1,1,1027,1
1,1,205,1
1,1,1709,1
1,1,1712,1
1,1,1197,1
1,1,451,1
1,1,256,1
1,1,1305,1
1,1,1469,1
1,1,1526,1
1,1,1344,1
1,1,599,1
1,1,1720,1
1,1,804,1
1,1,902,1
1,1,1723,1
1,1,1284,1
1,1,1619,1
1,1,1725,1
1,1,222,1
1,1,951,1
1,1,782,1
1,1,504,1
1,1,790,1
1,1,376,1
1,1,1740,1
1,1,582,1
1,1,1023,1
1,1,177,1
1,1,759,1
1,1,1759,1
1,1,1559,1
1,1,1513,1
1,1,1557,1
1,1,754,1
1,1,1380,1
1,1,1447,1
1,1,1775,1
1,1,276,1
1,1,104,1
1,1,1583,1
1,1,1544,1
1,1,575,1
1,1,485,1
1,1,167,1
1,1,1794,1
1,1,1796,1
1,1,602,1
1,1,299,1
1,1,1799,1
1,1,334,1
1,1,292,1
1,1,392,1
1,1,711,1
1,1,1372,1
1,1,232,1
1,1,1810,1
1,1,1814,1
1,1,1818,1
1,1,1713,1
1,1,955,1
1,1,1351,1
1,1,1827,1
1,1,368,1
1,1,1835,1
1,1,563,1
1,1,1845,1
1,1,1847,1
1,1,811,1
1,1,1577,1
1,1,41,1
1,1,1429,1
1,1,406,1
1,1,1458,1
1,1,1863,1
1,1,1866,1
1,1,1487,1
1,1,891,1
1,1,1869,1
1,1,1009,1
1,1,1871,1
1,1,1875,1
1,1,421,1
1,1,237,1
1,1,532,1
1,1,954,1
1,1,1880,1
1,1,295,1
1,1,1744,1
1,1,892,1
1,1,1038,1
1,1,1758,1
1,1,1892,1
1,1,1896,1
1,1,1007,1
1,1,1422,1
1,1,1085,1
1,1,355,1
1,1,1098,1
1,1,381,1
1,1,1900,1
1,1,1288,1
1,1,1822,1
1,1,1905,1
1,1,112,1
1,1,1595,1
1,1,1364,1
1,1,1677,1
1,1,756,1
1,1,639,1
1,1,1485,1
1,1,1921,1
1,1,1925,1
1,1,1929,1
1,1,1183,1
1,1,517,1
1,1,962,1
1,1,1431,1
1,1,538,1
1,1,366,1
1,1,83,1
1,1,973,1
1,1,742,1
1,1,1065,1
1,1,1045,1
1,1,1951,1
1,1,1952,1
1,1,245,1
1,1,1764,1
1,1,321,1
1,1,1831,1
1,1,833,1
1,1,1969,1
1,1,1693,1
1,1,440,1
1,1,1629,1
1,1,1736,1
1,1,210,1
1,1,788,1
1,1,859,1
1,1,1984,1
1,1,367,1
1,1,26,1
1,1,458,1
1,1,760,1
1,1,1920,1
1,1,501,1
1,1,1382,1
1,1,157,1
1,1,887,1
1,1,1980,1
1,1,1435,1
1,1,1111,1
1,1,1727,1
1,1,1701,1
1,1,1686,1
1,1,1587,1
1,1,1219,1
1,1,2021,1
1,1,1508,1
1,1,2038,1
1,1,1384,1
1,1,1628,1
1,1,685,1
1,1,2047,1
1,1,2049,1
1,1,525,1
1,1,600,1
1,1,2063,1
1,1,2068,1
1,1,428,1
1,1,1746,1
1,1,752,1
1,1,1082,1
1,1,370,1
1,1,1959,1
1,1,69,1
1,1,1257,1
1,1,1820,1
1,1,2097,1
1,1,2098,1
1,1,1608,1
1,1,1271,1
1,1,1812,1
1,1,1279,1
1,1,1433,1
1,1,2124,1
1,1,618,1
1,1,2126,1
1,1,978,1
1,1,625,1
1,1,1463,1
1,1,1669,1
1,1,1473,1
1,1,583,1
1,1,2164,1
1,1,1330,1
1,1,2169,1
1,1,1971,1
1,1,690,1
1,1,142,1
1,1,763,1
1,1,449,1
1,1,271,1
1,1,2046,1
1,1,1911,1
1,1,2188,1
1,1,2090,1
1,1,2040,1
1,1,949,1
1,1,2015,1
1,1,1774,1
1,1,1633,1
1,1,545,1
1,1,1154,1
1,1,2209,1
1,1,1767,1
1,1,1803,1
1,1,318,1
1,1,144,1
1,1,1841,1
1,1,982,1
1,1,1324,1
1,1,1168,1
1,1,1854,1
1,1,964,1
1,1,1318,1
1,1,1231,1
1,1,1300,1
1,1,1983,1
1,1,2245,1
1,1,1071,1
1,1,1472,1
1,1,680,1
1,1,2259,1
1,1,1945,1
1,1,1086,1
1,1,595,1
1,1,1643,1
1,1,897,1
1,1,255,1
1,1,1808,1
1,1,641,1
1,1,1678,1
1,1,444,1
1,1,2080,1
1,1,910,1
1,1,107,1
1,1,2282,1
1,1,385,1
1,1,1056,1
1,1,801,1
1,1,1445,1
1,1,1938,1
1,1,39,1
1,1,1887,1
1,1,567,1
1,1,2144,1
1,1,2305,1
1,1,669,1
1,1,761,1
1,1,2151,1
1,1,2309,1
1,1,1849,1
1,1,2115,1
1,1,1912,1
1,1,375,1
1,1,2055,1
1,1,51,2
1,1,28,2
1,1,20,2
1,1,614,2
1,1,486,2
1,1,189,2
1,1,44,2
1,1,110,2
1,1,1519,2
1,1,543,2
1,1,1075,2
1,1,15,2
1,1,1098,2
1,1,91,2
1,1,78,2
1,1,256,2
1,1,74,2
1,1,265,2
1,1,393,2
1,1,1301,2
1,1,1701,2
1,1,144,2
1,1,108,2
1,1,347,2
1,1,326,2
1,1,31,2
1,1,96,2
1,1,1338,2
1,1,523,2
1,1,102,2
1,1,386,2
1,1,373,2
1,1,44,3
1,1,386,3
1,1,74,3
1,1,256,3
1,1,486,3
1,1,20,3
1,1,96,3
1,1,347,3
1,1,1519,3
1,1,91,3
1,1,326,3
1,1,102,3
1,1,15,3
1,1,108,3
1,1,1338,3
1,1,28,3
1,1,51,3
1,1,31,3
1,1,78,3
1,1,393,3
1,1,1075,3
1,1,523,3
1,1,189,3
1,1,110,3
1,1,265,3
1,1,1701,3
1,1,1301,3
1,1,1098,3
1,1,373,3
1,1,543,3
1,1,144,3
1,1,614,3
